files,names
/home/ssg29/results/SLX-ILM-Plasma2021.Homo_sapiens.v1/Salmon/POPS-2022.GRCh38.88/GS-100-EF/quant.sf,GS-100-EF
/home/ssg29/results/SLX-ILM-Plasma2021.Homo_sapiens.v1/Salmon/POPS-2022.GRCh38.88/GS-101-EA/quant.sf,GS-101-EA
/home/ssg29/results/SLX-ILM-Plasma2021.Homo_sapiens.v1/Salmon/POPS-2022.GRCh38.88/GS-102-EG/quant.sf,GS-102-EG
/home/ssg29/results/SLX-ILM-Plasma2021.Homo_sapiens.v1/Salmon/POPS-2022.GRCh38.88/GS-103-EB/quant.sf,GS-103-EB
/home/ssg29/results/SLX-ILM-Plasma2021.Homo_sapiens.v1/Salmon/POPS-2022.GRCh38.88/GS-104-EH/quant.sf,GS-104-EH
/home/ssg29/results/SLX-ILM-Plasma2021.Homo_sapiens.v1/Salmon/POPS-2022.GRCh38.88/GS-105-EJ/quant.sf,GS-105-EJ
/home/ssg29/results/SLX-ILM-Plasma2021.Homo_sapiens.v1/Salmon/POPS-2022.GRCh38.88/GS-106-EK/quant.sf,GS-106-EK
/home/ssg29/results/SLX-ILM-Plasma2021.Homo_sapiens.v1/Salmon/POPS-2022.GRCh38.88/GS-107-EL/quant.sf,GS-107-EL
/home/ssg29/results/SLX-ILM-Plasma2021.Homo_sapiens.v1/Salmon/POPS-2022.GRCh38.88/GS-108-EM/quant.sf,GS-108-EM
/home/ssg29/results/SLX-ILM-Plasma2021.Homo_sapiens.v1/Salmon/POPS-2022.GRCh38.88/GS-109-ES/quant.sf,GS-109-ES
/home/ssg29/results/SLX-ILM-Plasma2021.Homo_sapiens.v1/Salmon/POPS-2022.GRCh38.88/GS-10-AM/quant.sf,GS-10-AM
/home/ssg29/results/SLX-ILM-Plasma2021.Homo_sapiens.v1/Salmon/POPS-2022.GRCh38.88/GS-110-ET/quant.sf,GS-110-ET
/home/ssg29/results/SLX-ILM-Plasma2021.Homo_sapiens.v1/Salmon/POPS-2022.GRCh38.88/GS-111-EU/quant.sf,GS-111-EU
/home/ssg29/results/SLX-ILM-Plasma2021.Homo_sapiens.v1/Salmon/POPS-2022.GRCh38.88/GS-112-EV/quant.sf,GS-112-EV
/home/ssg29/results/SLX-ILM-Plasma2021.Homo_sapiens.v1/Salmon/POPS-2022.GRCh38.88/GS-113-EW/quant.sf,GS-113-EW
/home/ssg29/results/SLX-ILM-Plasma2021.Homo_sapiens.v1/Salmon/POPS-2022.GRCh38.88/GS-114-EN/quant.sf,GS-114-EN
/home/ssg29/results/SLX-ILM-Plasma2021.Homo_sapiens.v1/Salmon/POPS-2022.GRCh38.88/GS-115-EX/quant.sf,GS-115-EX
/home/ssg29/results/SLX-ILM-Plasma2021.Homo_sapiens.v1/Salmon/POPS-2022.GRCh38.88/GS-116-EP/quant.sf,GS-116-EP
/home/ssg29/results/SLX-ILM-Plasma2021.Homo_sapiens.v1/Salmon/POPS-2022.GRCh38.88/GS-117-FE/quant.sf,GS-117-FE
/home/ssg29/results/SLX-ILM-Plasma2021.Homo_sapiens.v1/Salmon/POPS-2022.GRCh38.88/GS-118-EY/quant.sf,GS-118-EY
/home/ssg29/results/SLX-ILM-Plasma2021.Homo_sapiens.v1/Salmon/POPS-2022.GRCh38.88/GS-119-EQ/quant.sf,GS-119-EQ
/home/ssg29/results/SLX-ILM-Plasma2021.Homo_sapiens.v1/Salmon/POPS-2022.GRCh38.88/GS-11-AN/quant.sf,GS-11-AN
/home/ssg29/results/SLX-ILM-Plasma2021.Homo_sapiens.v1/Salmon/POPS-2022.GRCh38.88/GS-120-FF/quant.sf,GS-120-FF
/home/ssg29/results/SLX-ILM-Plasma2021.Homo_sapiens.v1/Salmon/POPS-2022.GRCh38.88/GS-121-EZ/quant.sf,GS-121-EZ
/home/ssg29/results/SLX-ILM-Plasma2021.Homo_sapiens.v1/Salmon/POPS-2022.GRCh38.88/GS-122-ER/quant.sf,GS-122-ER
/home/ssg29/results/SLX-ILM-Plasma2021.Homo_sapiens.v1/Salmon/POPS-2022.GRCh38.88/GS-123-FG/quant.sf,GS-123-FG
/home/ssg29/results/SLX-ILM-Plasma2021.Homo_sapiens.v1/Salmon/POPS-2022.GRCh38.88/GS-124-FA/quant.sf,GS-124-FA
/home/ssg29/results/SLX-ILM-Plasma2021.Homo_sapiens.v1/Salmon/POPS-2022.GRCh38.88/GS-125-FB/quant.sf,GS-125-FB
/home/ssg29/results/SLX-ILM-Plasma2021.Homo_sapiens.v1/Salmon/POPS-2022.GRCh38.88/GS-126-FC/quant.sf,GS-126-FC
/home/ssg29/results/SLX-ILM-Plasma2021.Homo_sapiens.v1/Salmon/POPS-2022.GRCh38.88/GS-127-FD/quant.sf,GS-127-FD
/home/ssg29/results/SLX-ILM-Plasma2021.Homo_sapiens.v1/Salmon/POPS-2022.GRCh38.88/GS-128-FH/quant.sf,GS-128-FH
/home/ssg29/results/SLX-ILM-Plasma2021.Homo_sapiens.v1/Salmon/POPS-2022.GRCh38.88/GS-129-FJ/quant.sf,GS-129-FJ
/home/ssg29/results/SLX-ILM-Plasma2021.Homo_sapiens.v1/Salmon/POPS-2022.GRCh38.88/GS-12-AP/quant.sf,GS-12-AP
/home/ssg29/results/SLX-ILM-Plasma2021.Homo_sapiens.v1/Salmon/POPS-2022.GRCh38.88/GS-130-FK/quant.sf,GS-130-FK
/home/ssg29/results/SLX-ILM-Plasma2021.Homo_sapiens.v1/Salmon/POPS-2022.GRCh38.88/GS-131-FL/quant.sf,GS-131-FL
/home/ssg29/results/SLX-ILM-Plasma2021.Homo_sapiens.v1/Salmon/POPS-2022.GRCh38.88/GS-132-FR/quant.sf,GS-132-FR
/home/ssg29/results/SLX-ILM-Plasma2021.Homo_sapiens.v1/Salmon/POPS-2022.GRCh38.88/GS-133-FS/quant.sf,GS-133-FS
/home/ssg29/results/SLX-ILM-Plasma2021.Homo_sapiens.v1/Salmon/POPS-2022.GRCh38.88/GS-134-FT/quant.sf,GS-134-FT
/home/ssg29/results/SLX-ILM-Plasma2021.Homo_sapiens.v1/Salmon/POPS-2022.GRCh38.88/GS-135-FU/quant.sf,GS-135-FU
/home/ssg29/results/SLX-ILM-Plasma2021.Homo_sapiens.v1/Salmon/POPS-2022.GRCh38.88/GS-136-FY/quant.sf,GS-136-FY
/home/ssg29/results/SLX-ILM-Plasma2021.Homo_sapiens.v1/Salmon/POPS-2022.GRCh38.88/GS-137-FV/quant.sf,GS-137-FV
/home/ssg29/results/SLX-ILM-Plasma2021.Homo_sapiens.v1/Salmon/POPS-2022.GRCh38.88/GS-138-FM/quant.sf,GS-138-FM
/home/ssg29/results/SLX-ILM-Plasma2021.Homo_sapiens.v1/Salmon/POPS-2022.GRCh38.88/GS-139-FZ/quant.sf,GS-139-FZ
/home/ssg29/results/SLX-ILM-Plasma2021.Homo_sapiens.v1/Salmon/POPS-2022.GRCh38.88/GS-13-AJ/quant.sf,GS-13-AJ
/home/ssg29/results/SLX-ILM-Plasma2021.Homo_sapiens.v1/Salmon/POPS-2022.GRCh38.88/GS-140-FN/quant.sf,GS-140-FN
/home/ssg29/results/SLX-ILM-Plasma2021.Homo_sapiens.v1/Salmon/POPS-2022.GRCh38.88/GS-141-FW/quant.sf,GS-141-FW
/home/ssg29/results/SLX-ILM-Plasma2021.Homo_sapiens.v1/Salmon/POPS-2022.GRCh38.88/GS-142-GA/quant.sf,GS-142-GA
/home/ssg29/results/SLX-ILM-Plasma2021.Homo_sapiens.v1/Salmon/POPS-2022.GRCh38.88/GS-143-FP/quant.sf,GS-143-FP
/home/ssg29/results/SLX-ILM-Plasma2021.Homo_sapiens.v1/Salmon/POPS-2022.GRCh38.88/GS-144-FX/quant.sf,GS-144-FX
/home/ssg29/results/SLX-ILM-Plasma2021.Homo_sapiens.v1/Salmon/POPS-2022.GRCh38.88/GS-145-GB/quant.sf,GS-145-GB
/home/ssg29/results/SLX-ILM-Plasma2021.Homo_sapiens.v1/Salmon/POPS-2022.GRCh38.88/GS-146-FQ/quant.sf,GS-146-FQ
/home/ssg29/results/SLX-ILM-Plasma2021.Homo_sapiens.v1/Salmon/POPS-2022.GRCh38.88/GS-147-GC/quant.sf,GS-147-GC
/home/ssg29/results/SLX-ILM-Plasma2021.Homo_sapiens.v1/Salmon/POPS-2022.GRCh38.88/GS-148-GD/quant.sf,GS-148-GD
/home/ssg29/results/SLX-ILM-Plasma2021.Homo_sapiens.v1/Salmon/POPS-2022.GRCh38.88/GS-149-GE/quant.sf,GS-149-GE
/home/ssg29/results/SLX-ILM-Plasma2021.Homo_sapiens.v1/Salmon/POPS-2022.GRCh38.88/GS-14-AK/quant.sf,GS-14-AK
/home/ssg29/results/SLX-ILM-Plasma2021.Homo_sapiens.v1/Salmon/POPS-2022.GRCh38.88/GS-150-GF/quant.sf,GS-150-GF
/home/ssg29/results/SLX-ILM-Plasma2021.Homo_sapiens.v1/Salmon/POPS-2022.GRCh38.88/GS-151-GG/quant.sf,GS-151-GG
/home/ssg29/results/SLX-ILM-Plasma2021.Homo_sapiens.v1/Salmon/POPS-2022.GRCh38.88/GS-152-GH/quant.sf,GS-152-GH
/home/ssg29/results/SLX-ILM-Plasma2021.Homo_sapiens.v1/Salmon/POPS-2022.GRCh38.88/GS-153-GJ/quant.sf,GS-153-GJ
/home/ssg29/results/SLX-ILM-Plasma2021.Homo_sapiens.v1/Salmon/POPS-2022.GRCh38.88/GS-154-GK/quant.sf,GS-154-GK
/home/ssg29/results/SLX-ILM-Plasma2021.Homo_sapiens.v1/Salmon/POPS-2022.GRCh38.88/GS-155-GL/quant.sf,GS-155-GL
/home/ssg29/results/SLX-ILM-Plasma2021.Homo_sapiens.v1/Salmon/POPS-2022.GRCh38.88/GS-156-GM/quant.sf,GS-156-GM
/home/ssg29/results/SLX-ILM-Plasma2021.Homo_sapiens.v1/Salmon/POPS-2022.GRCh38.88/GS-157-GN/quant.sf,GS-157-GN
/home/ssg29/results/SLX-ILM-Plasma2021.Homo_sapiens.v1/Salmon/POPS-2022.GRCh38.88/GS-158-GP/quant.sf,GS-158-GP
/home/ssg29/results/SLX-ILM-Plasma2021.Homo_sapiens.v1/Salmon/POPS-2022.GRCh38.88/GS-159-GQ/quant.sf,GS-159-GQ
/home/ssg29/results/SLX-ILM-Plasma2021.Homo_sapiens.v1/Salmon/POPS-2022.GRCh38.88/GS-15-AQ/quant.sf,GS-15-AQ
/home/ssg29/results/SLX-ILM-Plasma2021.Homo_sapiens.v1/Salmon/POPS-2022.GRCh38.88/GS-160-GR/quant.sf,GS-160-GR
/home/ssg29/results/SLX-ILM-Plasma2021.Homo_sapiens.v1/Salmon/POPS-2022.GRCh38.88/GS-161-GS/quant.sf,GS-161-GS
/home/ssg29/results/SLX-ILM-Plasma2021.Homo_sapiens.v1/Salmon/POPS-2022.GRCh38.88/GS-162-GT/quant.sf,GS-162-GT
/home/ssg29/results/SLX-ILM-Plasma2021.Homo_sapiens.v1/Salmon/POPS-2022.GRCh38.88/GS-163-GU/quant.sf,GS-163-GU
/home/ssg29/results/SLX-ILM-Plasma2021.Homo_sapiens.v1/Salmon/POPS-2022.GRCh38.88/GS-164-GV/quant.sf,GS-164-GV
/home/ssg29/results/SLX-ILM-Plasma2021.Homo_sapiens.v1/Salmon/POPS-2022.GRCh38.88/GS-165-GW/quant.sf,GS-165-GW
/home/ssg29/results/SLX-ILM-Plasma2021.Homo_sapiens.v1/Salmon/POPS-2022.GRCh38.88/GS-166-HE/quant.sf,GS-166-HE
/home/ssg29/results/SLX-ILM-Plasma2021.Homo_sapiens.v1/Salmon/POPS-2022.GRCh38.88/GS-167-HF/quant.sf,GS-167-HF
/home/ssg29/results/SLX-ILM-Plasma2021.Homo_sapiens.v1/Salmon/POPS-2022.GRCh38.88/GS-168-HG/quant.sf,GS-168-HG
/home/ssg29/results/SLX-ILM-Plasma2021.Homo_sapiens.v1/Salmon/POPS-2022.GRCh38.88/GS-169-HH/quant.sf,GS-169-HH
/home/ssg29/results/SLX-ILM-Plasma2021.Homo_sapiens.v1/Salmon/POPS-2022.GRCh38.88/GS-16-AR/quant.sf,GS-16-AR
/home/ssg29/results/SLX-ILM-Plasma2021.Homo_sapiens.v1/Salmon/POPS-2022.GRCh38.88/GS-170-HJ/quant.sf,GS-170-HJ
/home/ssg29/results/SLX-ILM-Plasma2021.Homo_sapiens.v1/Salmon/POPS-2022.GRCh38.88/GS-171-GX/quant.sf,GS-171-GX
/home/ssg29/results/SLX-ILM-Plasma2021.Homo_sapiens.v1/Salmon/POPS-2022.GRCh38.88/GS-172-HK/quant.sf,GS-172-HK
/home/ssg29/results/SLX-ILM-Plasma2021.Homo_sapiens.v1/Salmon/POPS-2022.GRCh38.88/GS-173-GY/quant.sf,GS-173-GY
/home/ssg29/results/SLX-ILM-Plasma2021.Homo_sapiens.v1/Salmon/POPS-2022.GRCh38.88/GS-174-HL/quant.sf,GS-174-HL
/home/ssg29/results/SLX-ILM-Plasma2021.Homo_sapiens.v1/Salmon/POPS-2022.GRCh38.88/GS-175-GZ/quant.sf,GS-175-GZ
/home/ssg29/results/SLX-ILM-Plasma2021.Homo_sapiens.v1/Salmon/POPS-2022.GRCh38.88/GS-176-HM/quant.sf,GS-176-HM
/home/ssg29/results/SLX-ILM-Plasma2021.Homo_sapiens.v1/Salmon/POPS-2022.GRCh38.88/GS-177-HN/quant.sf,GS-177-HN
/home/ssg29/results/SLX-ILM-Plasma2021.Homo_sapiens.v1/Salmon/POPS-2022.GRCh38.88/GS-178-HP/quant.sf,GS-178-HP
/home/ssg29/results/SLX-ILM-Plasma2021.Homo_sapiens.v1/Salmon/POPS-2022.GRCh38.88/GS-179-HQ-b/quant.sf,GS-179-HQ-b
/home/ssg29/results/SLX-ILM-Plasma2021.Homo_sapiens.v1/Salmon/POPS-2022.GRCh38.88/GS-179-HQ/quant.sf,GS-179-HQ
/home/ssg29/results/SLX-ILM-Plasma2021.Homo_sapiens.v1/Salmon/POPS-2022.GRCh38.88/GS-17-AS/quant.sf,GS-17-AS
/home/ssg29/results/SLX-ILM-Plasma2021.Homo_sapiens.v1/Salmon/POPS-2022.GRCh38.88/GS-180-HA/quant.sf,GS-180-HA
/home/ssg29/results/SLX-ILM-Plasma2021.Homo_sapiens.v1/Salmon/POPS-2022.GRCh38.88/GS-181-HB/quant.sf,GS-181-HB
/home/ssg29/results/SLX-ILM-Plasma2021.Homo_sapiens.v1/Salmon/POPS-2022.GRCh38.88/GS-182-HC/quant.sf,GS-182-HC
/home/ssg29/results/SLX-ILM-Plasma2021.Homo_sapiens.v1/Salmon/POPS-2022.GRCh38.88/GS-183-HD/quant.sf,GS-183-HD
/home/ssg29/results/SLX-ILM-Plasma2021.Homo_sapiens.v1/Salmon/POPS-2022.GRCh38.88/GS-184-HV/quant.sf,GS-184-HV
/home/ssg29/results/SLX-ILM-Plasma2021.Homo_sapiens.v1/Salmon/POPS-2022.GRCh38.88/GS-185-HW/quant.sf,GS-185-HW
/home/ssg29/results/SLX-ILM-Plasma2021.Homo_sapiens.v1/Salmon/POPS-2022.GRCh38.88/GS-186-HX/quant.sf,GS-186-HX
/home/ssg29/results/SLX-ILM-Plasma2021.Homo_sapiens.v1/Salmon/POPS-2022.GRCh38.88/GS-187-HY/quant.sf,GS-187-HY
/home/ssg29/results/SLX-ILM-Plasma2021.Homo_sapiens.v1/Salmon/POPS-2022.GRCh38.88/GS-188-HZ/quant.sf,GS-188-HZ
/home/ssg29/results/SLX-ILM-Plasma2021.Homo_sapiens.v1/Salmon/POPS-2022.GRCh38.88/GS-189-HR/quant.sf,GS-189-HR
/home/ssg29/results/SLX-ILM-Plasma2021.Homo_sapiens.v1/Salmon/POPS-2022.GRCh38.88/GS-18-AT/quant.sf,GS-18-AT
/home/ssg29/results/SLX-ILM-Plasma2021.Homo_sapiens.v1/Salmon/POPS-2022.GRCh38.88/GS-190-IA/quant.sf,GS-190-IA
/home/ssg29/results/SLX-ILM-Plasma2021.Homo_sapiens.v1/Salmon/POPS-2022.GRCh38.88/GS-191-HS/quant.sf,GS-191-HS
/home/ssg29/results/SLX-ILM-Plasma2021.Homo_sapiens.v1/Salmon/POPS-2022.GRCh38.88/GS-192-IB/quant.sf,GS-192-IB
/home/ssg29/results/SLX-ILM-Plasma2021.Homo_sapiens.v1/Salmon/POPS-2022.GRCh38.88/GS-193-HT/quant.sf,GS-193-HT
/home/ssg29/results/SLX-ILM-Plasma2021.Homo_sapiens.v1/Salmon/POPS-2022.GRCh38.88/GS-194-ID/quant.sf,GS-194-ID
/home/ssg29/results/SLX-ILM-Plasma2021.Homo_sapiens.v1/Salmon/POPS-2022.GRCh38.88/GS-195-IC/quant.sf,GS-195-IC
/home/ssg29/results/SLX-ILM-Plasma2021.Homo_sapiens.v1/Salmon/POPS-2022.GRCh38.88/GS-196-HU/quant.sf,GS-196-HU
/home/ssg29/results/SLX-ILM-Plasma2021.Homo_sapiens.v1/Salmon/POPS-2022.GRCh38.88/GS-197-IE/quant.sf,GS-197-IE
/home/ssg29/results/SLX-ILM-Plasma2021.Homo_sapiens.v1/Salmon/POPS-2022.GRCh38.88/GS-198-IF/quant.sf,GS-198-IF
/home/ssg29/results/SLX-ILM-Plasma2021.Homo_sapiens.v1/Salmon/POPS-2022.GRCh38.88/GS-199-IG/quant.sf,GS-199-IG
/home/ssg29/results/SLX-ILM-Plasma2021.Homo_sapiens.v1/Salmon/POPS-2022.GRCh38.88/GS-19-BJ/quant.sf,GS-19-BJ
/home/ssg29/results/SLX-ILM-Plasma2021.Homo_sapiens.v1/Salmon/POPS-2022.GRCh38.88/GS-1-AE/quant.sf,GS-1-AE
/home/ssg29/results/SLX-ILM-Plasma2021.Homo_sapiens.v1/Salmon/POPS-2022.GRCh38.88/GS-200-IH/quant.sf,GS-200-IH
/home/ssg29/results/SLX-ILM-Plasma2021.Homo_sapiens.v1/Salmon/POPS-2022.GRCh38.88/GS-201-IJ/quant.sf,GS-201-IJ
/home/ssg29/results/SLX-ILM-Plasma2021.Homo_sapiens.v1/Salmon/POPS-2022.GRCh38.88/GS-202-IK/quant.sf,GS-202-IK
/home/ssg29/results/SLX-ILM-Plasma2021.Homo_sapiens.v1/Salmon/POPS-2022.GRCh38.88/GS-203-IL/quant.sf,GS-203-IL
/home/ssg29/results/SLX-ILM-Plasma2021.Homo_sapiens.v1/Salmon/POPS-2022.GRCh38.88/GS-204-IZ/quant.sf,GS-204-IZ
/home/ssg29/results/SLX-ILM-Plasma2021.Homo_sapiens.v1/Salmon/POPS-2022.GRCh38.88/GS-205-JA/quant.sf,GS-205-JA
/home/ssg29/results/SLX-ILM-Plasma2021.Homo_sapiens.v1/Salmon/POPS-2022.GRCh38.88/GS-206-JB/quant.sf,GS-206-JB
/home/ssg29/results/SLX-ILM-Plasma2021.Homo_sapiens.v1/Salmon/POPS-2022.GRCh38.88/GS-207-IM/quant.sf,GS-207-IM
/home/ssg29/results/SLX-ILM-Plasma2021.Homo_sapiens.v1/Salmon/POPS-2022.GRCh38.88/GS-208-JC/quant.sf,GS-208-JC
/home/ssg29/results/SLX-ILM-Plasma2021.Homo_sapiens.v1/Salmon/POPS-2022.GRCh38.88/GS-209-IN/quant.sf,GS-209-IN
/home/ssg29/results/SLX-ILM-Plasma2021.Homo_sapiens.v1/Salmon/POPS-2022.GRCh38.88/GS-20-BG/quant.sf,GS-20-BG
/home/ssg29/results/SLX-ILM-Plasma2021.Homo_sapiens.v1/Salmon/POPS-2022.GRCh38.88/GS-210-JD/quant.sf,GS-210-JD
/home/ssg29/results/SLX-ILM-Plasma2021.Homo_sapiens.v1/Salmon/POPS-2022.GRCh38.88/GS-211-IP/quant.sf,GS-211-IP
/home/ssg29/results/SLX-ILM-Plasma2021.Homo_sapiens.v1/Salmon/POPS-2022.GRCh38.88/GS-212-JE/quant.sf,GS-212-JE
/home/ssg29/results/SLX-ILM-Plasma2021.Homo_sapiens.v1/Salmon/POPS-2022.GRCh38.88/GS-213-IQ/quant.sf,GS-213-IQ
/home/ssg29/results/SLX-ILM-Plasma2021.Homo_sapiens.v1/Salmon/POPS-2022.GRCh38.88/GS-214-JF/quant.sf,GS-214-JF
/home/ssg29/results/SLX-ILM-Plasma2021.Homo_sapiens.v1/Salmon/POPS-2022.GRCh38.88/GS-215-IR/quant.sf,GS-215-IR
/home/ssg29/results/SLX-ILM-Plasma2021.Homo_sapiens.v1/Salmon/POPS-2022.GRCh38.88/GS-216-IS/quant.sf,GS-216-IS
/home/ssg29/results/SLX-ILM-Plasma2021.Homo_sapiens.v1/Salmon/POPS-2022.GRCh38.88/GS-217-IT/quant.sf,GS-217-IT
/home/ssg29/results/SLX-ILM-Plasma2021.Homo_sapiens.v1/Salmon/POPS-2022.GRCh38.88/GS-218-IU/quant.sf,GS-218-IU
/home/ssg29/results/SLX-ILM-Plasma2021.Homo_sapiens.v1/Salmon/POPS-2022.GRCh38.88/GS-219-IV/quant.sf,GS-219-IV
/home/ssg29/results/SLX-ILM-Plasma2021.Homo_sapiens.v1/Salmon/POPS-2022.GRCh38.88/GS-21-BK/quant.sf,GS-21-BK
/home/ssg29/results/SLX-ILM-Plasma2021.Homo_sapiens.v1/Salmon/POPS-2022.GRCh38.88/GS-220-IW/quant.sf,GS-220-IW
/home/ssg29/results/SLX-ILM-Plasma2021.Homo_sapiens.v1/Salmon/POPS-2022.GRCh38.88/GS-221-IX/quant.sf,GS-221-IX
/home/ssg29/results/SLX-ILM-Plasma2021.Homo_sapiens.v1/Salmon/POPS-2022.GRCh38.88/GS-222-IY/quant.sf,GS-222-IY
/home/ssg29/results/SLX-ILM-Plasma2021.Homo_sapiens.v1/Salmon/POPS-2022.GRCh38.88/GS-223-JL/quant.sf,GS-223-JL
/home/ssg29/results/SLX-ILM-Plasma2021.Homo_sapiens.v1/Salmon/POPS-2022.GRCh38.88/GS-224-JM/quant.sf,GS-224-JM
/home/ssg29/results/SLX-ILM-Plasma2021.Homo_sapiens.v1/Salmon/POPS-2022.GRCh38.88/GS-225-JN/quant.sf,GS-225-JN
/home/ssg29/results/SLX-ILM-Plasma2021.Homo_sapiens.v1/Salmon/POPS-2022.GRCh38.88/GS-226-JP/quant.sf,GS-226-JP
/home/ssg29/results/SLX-ILM-Plasma2021.Homo_sapiens.v1/Salmon/POPS-2022.GRCh38.88/GS-227-JQ/quant.sf,GS-227-JQ
/home/ssg29/results/SLX-ILM-Plasma2021.Homo_sapiens.v1/Salmon/POPS-2022.GRCh38.88/GS-228-JR/quant.sf,GS-228-JR
/home/ssg29/results/SLX-ILM-Plasma2021.Homo_sapiens.v1/Salmon/POPS-2022.GRCh38.88/GS-229-JS/quant.sf,GS-229-JS
/home/ssg29/results/SLX-ILM-Plasma2021.Homo_sapiens.v1/Salmon/POPS-2022.GRCh38.88/GS-22-BL/quant.sf,GS-22-BL
/home/ssg29/results/SLX-ILM-Plasma2021.Homo_sapiens.v1/Salmon/POPS-2022.GRCh38.88/GS-230-JT/quant.sf,GS-230-JT
/home/ssg29/results/SLX-ILM-Plasma2021.Homo_sapiens.v1/Salmon/POPS-2022.GRCh38.88/GS-231-JU/quant.sf,GS-231-JU
/home/ssg29/results/SLX-ILM-Plasma2021.Homo_sapiens.v1/Salmon/POPS-2022.GRCh38.88/GS-232-JV/quant.sf,GS-232-JV
/home/ssg29/results/SLX-ILM-Plasma2021.Homo_sapiens.v1/Salmon/POPS-2022.GRCh38.88/GS-233-JW/quant.sf,GS-233-JW
/home/ssg29/results/SLX-ILM-Plasma2021.Homo_sapiens.v1/Salmon/POPS-2022.GRCh38.88/GS-234-JX/quant.sf,GS-234-JX
/home/ssg29/results/SLX-ILM-Plasma2021.Homo_sapiens.v1/Salmon/POPS-2022.GRCh38.88/GS-235-JY/quant.sf,GS-235-JY
/home/ssg29/results/SLX-ILM-Plasma2021.Homo_sapiens.v1/Salmon/POPS-2022.GRCh38.88/GS-236-JG/quant.sf,GS-236-JG
/home/ssg29/results/SLX-ILM-Plasma2021.Homo_sapiens.v1/Salmon/POPS-2022.GRCh38.88/GS-237-JH/quant.sf,GS-237-JH
/home/ssg29/results/SLX-ILM-Plasma2021.Homo_sapiens.v1/Salmon/POPS-2022.GRCh38.88/GS-238-JJ/quant.sf,GS-238-JJ
/home/ssg29/results/SLX-ILM-Plasma2021.Homo_sapiens.v1/Salmon/POPS-2022.GRCh38.88/GS-239-JK/quant.sf,GS-239-JK
/home/ssg29/results/SLX-ILM-Plasma2021.Homo_sapiens.v1/Salmon/POPS-2022.GRCh38.88/GS-23-AU/quant.sf,GS-23-AU
/home/ssg29/results/SLX-ILM-Plasma2021.Homo_sapiens.v1/Salmon/POPS-2022.GRCh38.88/GS-240-KD/quant.sf,GS-240-KD
/home/ssg29/results/SLX-ILM-Plasma2021.Homo_sapiens.v1/Salmon/POPS-2022.GRCh38.88/GS-241-KE/quant.sf,GS-241-KE
/home/ssg29/results/SLX-ILM-Plasma2021.Homo_sapiens.v1/Salmon/POPS-2022.GRCh38.88/GS-242-KF/quant.sf,GS-242-KF
/home/ssg29/results/SLX-ILM-Plasma2021.Homo_sapiens.v1/Salmon/POPS-2022.GRCh38.88/GS-243-KG/quant.sf,GS-243-KG
/home/ssg29/results/SLX-ILM-Plasma2021.Homo_sapiens.v1/Salmon/POPS-2022.GRCh38.88/GS-244-KH/quant.sf,GS-244-KH
/home/ssg29/results/SLX-ILM-Plasma2021.Homo_sapiens.v1/Salmon/POPS-2022.GRCh38.88/GS-245-KJ/quant.sf,GS-245-KJ
/home/ssg29/results/SLX-ILM-Plasma2021.Homo_sapiens.v1/Salmon/POPS-2022.GRCh38.88/GS-246-KK/quant.sf,GS-246-KK
/home/ssg29/results/SLX-ILM-Plasma2021.Homo_sapiens.v1/Salmon/POPS-2022.GRCh38.88/GS-247-KL/quant.sf,GS-247-KL
/home/ssg29/results/SLX-ILM-Plasma2021.Homo_sapiens.v1/Salmon/POPS-2022.GRCh38.88/GS-248-KM/quant.sf,GS-248-KM
/home/ssg29/results/SLX-ILM-Plasma2021.Homo_sapiens.v1/Salmon/POPS-2022.GRCh38.88/GS-249-KN/quant.sf,GS-249-KN
/home/ssg29/results/SLX-ILM-Plasma2021.Homo_sapiens.v1/Salmon/POPS-2022.GRCh38.88/GS-24-BH/quant.sf,GS-24-BH
/home/ssg29/results/SLX-ILM-Plasma2021.Homo_sapiens.v1/Salmon/POPS-2022.GRCh38.88/GS-250-KP/quant.sf,GS-250-KP
/home/ssg29/results/SLX-ILM-Plasma2021.Homo_sapiens.v1/Salmon/POPS-2022.GRCh38.88/GS-251-KQ/quant.sf,GS-251-KQ
/home/ssg29/results/SLX-ILM-Plasma2021.Homo_sapiens.v1/Salmon/POPS-2022.GRCh38.88/GS-252-KR/quant.sf,GS-252-KR
/home/ssg29/results/SLX-ILM-Plasma2021.Homo_sapiens.v1/Salmon/POPS-2022.GRCh38.88/GS-253-KS/quant.sf,GS-253-KS
/home/ssg29/results/SLX-ILM-Plasma2021.Homo_sapiens.v1/Salmon/POPS-2022.GRCh38.88/GS-254-KT/quant.sf,GS-254-KT
/home/ssg29/results/SLX-ILM-Plasma2021.Homo_sapiens.v1/Salmon/POPS-2022.GRCh38.88/GS-255-JZ/quant.sf,GS-255-JZ
/home/ssg29/results/SLX-ILM-Plasma2021.Homo_sapiens.v1/Salmon/POPS-2022.GRCh38.88/GS-256-KA/quant.sf,GS-256-KA
/home/ssg29/results/SLX-ILM-Plasma2021.Homo_sapiens.v1/Salmon/POPS-2022.GRCh38.88/GS-257-KB/quant.sf,GS-257-KB
/home/ssg29/results/SLX-ILM-Plasma2021.Homo_sapiens.v1/Salmon/POPS-2022.GRCh38.88/GS-258-KC/quant.sf,GS-258-KC
/home/ssg29/results/SLX-ILM-Plasma2021.Homo_sapiens.v1/Salmon/POPS-2022.GRCh38.88/GS-259-KX/quant.sf,GS-259-KX
/home/ssg29/results/SLX-ILM-Plasma2021.Homo_sapiens.v1/Salmon/POPS-2022.GRCh38.88/GS-25-BM/quant.sf,GS-25-BM
/home/ssg29/results/SLX-ILM-Plasma2021.Homo_sapiens.v1/Salmon/POPS-2022.GRCh38.88/GS-260-KY/quant.sf,GS-260-KY
/home/ssg29/results/SLX-ILM-Plasma2021.Homo_sapiens.v1/Salmon/POPS-2022.GRCh38.88/GS-261-KZ/quant.sf,GS-261-KZ
/home/ssg29/results/SLX-ILM-Plasma2021.Homo_sapiens.v1/Salmon/POPS-2022.GRCh38.88/GS-262-LA/quant.sf,GS-262-LA
/home/ssg29/results/SLX-ILM-Plasma2021.Homo_sapiens.v1/Salmon/POPS-2022.GRCh38.88/GS-263-LB/quant.sf,GS-263-LB
/home/ssg29/results/SLX-ILM-Plasma2021.Homo_sapiens.v1/Salmon/POPS-2022.GRCh38.88/GS-264-LC/quant.sf,GS-264-LC
/home/ssg29/results/SLX-ILM-Plasma2021.Homo_sapiens.v1/Salmon/POPS-2022.GRCh38.88/GS-265-LD/quant.sf,GS-265-LD
/home/ssg29/results/SLX-ILM-Plasma2021.Homo_sapiens.v1/Salmon/POPS-2022.GRCh38.88/GS-266-LE/quant.sf,GS-266-LE
/home/ssg29/results/SLX-ILM-Plasma2021.Homo_sapiens.v1/Salmon/POPS-2022.GRCh38.88/GS-267-KU/quant.sf,GS-267-KU
/home/ssg29/results/SLX-ILM-Plasma2021.Homo_sapiens.v1/Salmon/POPS-2022.GRCh38.88/GS-268-KV/quant.sf,GS-268-KV
/home/ssg29/results/SLX-ILM-Plasma2021.Homo_sapiens.v1/Salmon/POPS-2022.GRCh38.88/GS-269-KW/quant.sf,GS-269-KW
/home/ssg29/results/SLX-ILM-Plasma2021.Homo_sapiens.v1/Salmon/POPS-2022.GRCh38.88/GS-26-AV/quant.sf,GS-26-AV
/home/ssg29/results/SLX-ILM-Plasma2021.Homo_sapiens.v1/Salmon/POPS-2022.GRCh38.88/GS-270-LF/quant.sf,GS-270-LF
/home/ssg29/results/SLX-ILM-Plasma2021.Homo_sapiens.v1/Salmon/POPS-2022.GRCh38.88/GS-271-LG/quant.sf,GS-271-LG
/home/ssg29/results/SLX-ILM-Plasma2021.Homo_sapiens.v1/Salmon/POPS-2022.GRCh38.88/GS-272-LK/quant.sf,GS-272-LK
/home/ssg29/results/SLX-ILM-Plasma2021.Homo_sapiens.v1/Salmon/POPS-2022.GRCh38.88/GS-273-LH/quant.sf,GS-273-LH
/home/ssg29/results/SLX-ILM-Plasma2021.Homo_sapiens.v1/Salmon/POPS-2022.GRCh38.88/GS-274-LL/quant.sf,GS-274-LL
/home/ssg29/results/SLX-ILM-Plasma2021.Homo_sapiens.v1/Salmon/POPS-2022.GRCh38.88/GS-275-LJ/quant.sf,GS-275-LJ
/home/ssg29/results/SLX-ILM-Plasma2021.Homo_sapiens.v1/Salmon/POPS-2022.GRCh38.88/GS-276-LM/quant.sf,GS-276-LM
/home/ssg29/results/SLX-ILM-Plasma2021.Homo_sapiens.v1/Salmon/POPS-2022.GRCh38.88/GS-277-LN/quant.sf,GS-277-LN
/home/ssg29/results/SLX-ILM-Plasma2021.Homo_sapiens.v1/Salmon/POPS-2022.GRCh38.88/GS-27-AW/quant.sf,GS-27-AW
/home/ssg29/results/SLX-ILM-Plasma2021.Homo_sapiens.v1/Salmon/POPS-2022.GRCh38.88/GS-28-AY/quant.sf,GS-28-AY
/home/ssg29/results/SLX-ILM-Plasma2021.Homo_sapiens.v1/Salmon/POPS-2022.GRCh38.88/GS-29-AX/quant.sf,GS-29-AX
/home/ssg29/results/SLX-ILM-Plasma2021.Homo_sapiens.v1/Salmon/POPS-2022.GRCh38.88/GS-2-AF/quant.sf,GS-2-AF
/home/ssg29/results/SLX-ILM-Plasma2021.Homo_sapiens.v1/Salmon/POPS-2022.GRCh38.88/GS-30-AZ/quant.sf,GS-30-AZ
/home/ssg29/results/SLX-ILM-Plasma2021.Homo_sapiens.v1/Salmon/POPS-2022.GRCh38.88/GS-31-BC/quant.sf,GS-31-BC
/home/ssg29/results/SLX-ILM-Plasma2021.Homo_sapiens.v1/Salmon/POPS-2022.GRCh38.88/GS-32-BA/quant.sf,GS-32-BA
/home/ssg29/results/SLX-ILM-Plasma2021.Homo_sapiens.v1/Salmon/POPS-2022.GRCh38.88/GS-33-BD/quant.sf,GS-33-BD
/home/ssg29/results/SLX-ILM-Plasma2021.Homo_sapiens.v1/Salmon/POPS-2022.GRCh38.88/GS-34-BB/quant.sf,GS-34-BB
/home/ssg29/results/SLX-ILM-Plasma2021.Homo_sapiens.v1/Salmon/POPS-2022.GRCh38.88/GS-35-BE/quant.sf,GS-35-BE
/home/ssg29/results/SLX-ILM-Plasma2021.Homo_sapiens.v1/Salmon/POPS-2022.GRCh38.88/GS-36-BF/quant.sf,GS-36-BF
/home/ssg29/results/SLX-ILM-Plasma2021.Homo_sapiens.v1/Salmon/POPS-2022.GRCh38.88/GS-37-CD/quant.sf,GS-37-CD
/home/ssg29/results/SLX-ILM-Plasma2021.Homo_sapiens.v1/Salmon/POPS-2022.GRCh38.88/GS-38-CE/quant.sf,GS-38-CE
/home/ssg29/results/SLX-ILM-Plasma2021.Homo_sapiens.v1/Salmon/POPS-2022.GRCh38.88/GS-39-CF/quant.sf,GS-39-CF
/home/ssg29/results/SLX-ILM-Plasma2021.Homo_sapiens.v1/Salmon/POPS-2022.GRCh38.88/GS-3-AG/quant.sf,GS-3-AG
/home/ssg29/results/SLX-ILM-Plasma2021.Homo_sapiens.v1/Salmon/POPS-2022.GRCh38.88/GS-40-CG/quant.sf,GS-40-CG
/home/ssg29/results/SLX-ILM-Plasma2021.Homo_sapiens.v1/Salmon/POPS-2022.GRCh38.88/GS-41-BZ/quant.sf,GS-41-BZ
/home/ssg29/results/SLX-ILM-Plasma2021.Homo_sapiens.v1/Salmon/POPS-2022.GRCh38.88/GS-42-CA/quant.sf,GS-42-CA
/home/ssg29/results/SLX-ILM-Plasma2021.Homo_sapiens.v1/Salmon/POPS-2022.GRCh38.88/GS-43-BN/quant.sf,GS-43-BN
/home/ssg29/results/SLX-ILM-Plasma2021.Homo_sapiens.v1/Salmon/POPS-2022.GRCh38.88/GS-44-CB/quant.sf,GS-44-CB
/home/ssg29/results/SLX-ILM-Plasma2021.Homo_sapiens.v1/Salmon/POPS-2022.GRCh38.88/GS-45-BP/quant.sf,GS-45-BP
/home/ssg29/results/SLX-ILM-Plasma2021.Homo_sapiens.v1/Salmon/POPS-2022.GRCh38.88/GS-46-CC/quant.sf,GS-46-CC
/home/ssg29/results/SLX-ILM-Plasma2021.Homo_sapiens.v1/Salmon/POPS-2022.GRCh38.88/GS-47-BQ/quant.sf,GS-47-BQ
/home/ssg29/results/SLX-ILM-Plasma2021.Homo_sapiens.v1/Salmon/POPS-2022.GRCh38.88/GS-48-BR/quant.sf,GS-48-BR
/home/ssg29/results/SLX-ILM-Plasma2021.Homo_sapiens.v1/Salmon/POPS-2022.GRCh38.88/GS-49-BS/quant.sf,GS-49-BS
/home/ssg29/results/SLX-ILM-Plasma2021.Homo_sapiens.v1/Salmon/POPS-2022.GRCh38.88/GS-4-AH/quant.sf,GS-4-AH
/home/ssg29/results/SLX-ILM-Plasma2021.Homo_sapiens.v1/Salmon/POPS-2022.GRCh38.88/GS-50-BT/quant.sf,GS-50-BT
/home/ssg29/results/SLX-ILM-Plasma2021.Homo_sapiens.v1/Salmon/POPS-2022.GRCh38.88/GS-51-BU/quant.sf,GS-51-BU
/home/ssg29/results/SLX-ILM-Plasma2021.Homo_sapiens.v1/Salmon/POPS-2022.GRCh38.88/GS-52-BV/quant.sf,GS-52-BV
/home/ssg29/results/SLX-ILM-Plasma2021.Homo_sapiens.v1/Salmon/POPS-2022.GRCh38.88/GS-53-BW/quant.sf,GS-53-BW
/home/ssg29/results/SLX-ILM-Plasma2021.Homo_sapiens.v1/Salmon/POPS-2022.GRCh38.88/GS-54-BX/quant.sf,GS-54-BX
/home/ssg29/results/SLX-ILM-Plasma2021.Homo_sapiens.v1/Salmon/POPS-2022.GRCh38.88/GS-55-BY/quant.sf,GS-55-BY
/home/ssg29/results/SLX-ILM-Plasma2021.Homo_sapiens.v1/Salmon/POPS-2022.GRCh38.88/GS-56-CU/quant.sf,GS-56-CU
/home/ssg29/results/SLX-ILM-Plasma2021.Homo_sapiens.v1/Salmon/POPS-2022.GRCh38.88/GS-57-CV/quant.sf,GS-57-CV
/home/ssg29/results/SLX-ILM-Plasma2021.Homo_sapiens.v1/Salmon/POPS-2022.GRCh38.88/GS-58-CW/quant.sf,GS-58-CW
/home/ssg29/results/SLX-ILM-Plasma2021.Homo_sapiens.v1/Salmon/POPS-2022.GRCh38.88/GS-59-CX-b/quant.sf,GS-59-CX-b
/home/ssg29/results/SLX-ILM-Plasma2021.Homo_sapiens.v1/Salmon/POPS-2022.GRCh38.88/GS-59-CX/quant.sf,GS-59-CX
/home/ssg29/results/SLX-ILM-Plasma2021.Homo_sapiens.v1/Salmon/POPS-2022.GRCh38.88/GS-5-AA/quant.sf,GS-5-AA
/home/ssg29/results/SLX-ILM-Plasma2021.Homo_sapiens.v1/Salmon/POPS-2022.GRCh38.88/GS-60-CM/quant.sf,GS-60-CM
/home/ssg29/results/SLX-ILM-Plasma2021.Homo_sapiens.v1/Salmon/POPS-2022.GRCh38.88/GS-61-CN/quant.sf,GS-61-CN
/home/ssg29/results/SLX-ILM-Plasma2021.Homo_sapiens.v1/Salmon/POPS-2022.GRCh38.88/GS-62-CP/quant.sf,GS-62-CP
/home/ssg29/results/SLX-ILM-Plasma2021.Homo_sapiens.v1/Salmon/POPS-2022.GRCh38.88/GS-63-CQ/quant.sf,GS-63-CQ
/home/ssg29/results/SLX-ILM-Plasma2021.Homo_sapiens.v1/Salmon/POPS-2022.GRCh38.88/GS-64-CY/quant.sf,GS-64-CY
/home/ssg29/results/SLX-ILM-Plasma2021.Homo_sapiens.v1/Salmon/POPS-2022.GRCh38.88/GS-65-CZ/quant.sf,GS-65-CZ
/home/ssg29/results/SLX-ILM-Plasma2021.Homo_sapiens.v1/Salmon/POPS-2022.GRCh38.88/GS-66-DA/quant.sf,GS-66-DA
/home/ssg29/results/SLX-ILM-Plasma2021.Homo_sapiens.v1/Salmon/POPS-2022.GRCh38.88/GS-67-CH/quant.sf,GS-67-CH
/home/ssg29/results/SLX-ILM-Plasma2021.Homo_sapiens.v1/Salmon/POPS-2022.GRCh38.88/GS-68-DB/quant.sf,GS-68-DB
/home/ssg29/results/SLX-ILM-Plasma2021.Homo_sapiens.v1/Salmon/POPS-2022.GRCh38.88/GS-69-CJ/quant.sf,GS-69-CJ
/home/ssg29/results/SLX-ILM-Plasma2021.Homo_sapiens.v1/Salmon/POPS-2022.GRCh38.88/GS-6-AB/quant.sf,GS-6-AB
/home/ssg29/results/SLX-ILM-Plasma2021.Homo_sapiens.v1/Salmon/POPS-2022.GRCh38.88/GS-70-CK/quant.sf,GS-70-CK
/home/ssg29/results/SLX-ILM-Plasma2021.Homo_sapiens.v1/Salmon/POPS-2022.GRCh38.88/GS-71-CL/quant.sf,GS-71-CL
/home/ssg29/results/SLX-ILM-Plasma2021.Homo_sapiens.v1/Salmon/POPS-2022.GRCh38.88/GS-72-CR/quant.sf,GS-72-CR
/home/ssg29/results/SLX-ILM-Plasma2021.Homo_sapiens.v1/Salmon/POPS-2022.GRCh38.88/GS-73-CS/quant.sf,GS-73-CS
/home/ssg29/results/SLX-ILM-Plasma2021.Homo_sapiens.v1/Salmon/POPS-2022.GRCh38.88/GS-74-CT/quant.sf,GS-74-CT
/home/ssg29/results/SLX-ILM-Plasma2021.Homo_sapiens.v1/Salmon/POPS-2022.GRCh38.88/GS-75-DC/quant.sf,GS-75-DC
/home/ssg29/results/SLX-ILM-Plasma2021.Homo_sapiens.v1/Salmon/POPS-2022.GRCh38.88/GS-76-DD/quant.sf,GS-76-DD
/home/ssg29/results/SLX-ILM-Plasma2021.Homo_sapiens.v1/Salmon/POPS-2022.GRCh38.88/GS-77-DE/quant.sf,GS-77-DE
/home/ssg29/results/SLX-ILM-Plasma2021.Homo_sapiens.v1/Salmon/POPS-2022.GRCh38.88/GS-78-DF/quant.sf,GS-78-DF
/home/ssg29/results/SLX-ILM-Plasma2021.Homo_sapiens.v1/Salmon/POPS-2022.GRCh38.88/GS-79-DG/quant.sf,GS-79-DG
/home/ssg29/results/SLX-ILM-Plasma2021.Homo_sapiens.v1/Salmon/POPS-2022.GRCh38.88/GS-7-AC/quant.sf,GS-7-AC
/home/ssg29/results/SLX-ILM-Plasma2021.Homo_sapiens.v1/Salmon/POPS-2022.GRCh38.88/GS-80-DH/quant.sf,GS-80-DH
/home/ssg29/results/SLX-ILM-Plasma2021.Homo_sapiens.v1/Salmon/POPS-2022.GRCh38.88/GS-81-DS/quant.sf,GS-81-DS
/home/ssg29/results/SLX-ILM-Plasma2021.Homo_sapiens.v1/Salmon/POPS-2022.GRCh38.88/GS-82-DP/quant.sf,GS-82-DP
/home/ssg29/results/SLX-ILM-Plasma2021.Homo_sapiens.v1/Salmon/POPS-2022.GRCh38.88/GS-83-DJ/quant.sf,GS-83-DJ
/home/ssg29/results/SLX-ILM-Plasma2021.Homo_sapiens.v1/Salmon/POPS-2022.GRCh38.88/GS-84-DT/quant.sf,GS-84-DT
/home/ssg29/results/SLX-ILM-Plasma2021.Homo_sapiens.v1/Salmon/POPS-2022.GRCh38.88/GS-85-DQ/quant.sf,GS-85-DQ
/home/ssg29/results/SLX-ILM-Plasma2021.Homo_sapiens.v1/Salmon/POPS-2022.GRCh38.88/GS-86-DK/quant.sf,GS-86-DK
/home/ssg29/results/SLX-ILM-Plasma2021.Homo_sapiens.v1/Salmon/POPS-2022.GRCh38.88/GS-87-DU/quant.sf,GS-87-DU
/home/ssg29/results/SLX-ILM-Plasma2021.Homo_sapiens.v1/Salmon/POPS-2022.GRCh38.88/GS-88-DR/quant.sf,GS-88-DR
/home/ssg29/results/SLX-ILM-Plasma2021.Homo_sapiens.v1/Salmon/POPS-2022.GRCh38.88/GS-89-DV/quant.sf,GS-89-DV
/home/ssg29/results/SLX-ILM-Plasma2021.Homo_sapiens.v1/Salmon/POPS-2022.GRCh38.88/GS-8-AD/quant.sf,GS-8-AD
/home/ssg29/results/SLX-ILM-Plasma2021.Homo_sapiens.v1/Salmon/POPS-2022.GRCh38.88/GS-90-DL/quant.sf,GS-90-DL
/home/ssg29/results/SLX-ILM-Plasma2021.Homo_sapiens.v1/Salmon/POPS-2022.GRCh38.88/GS-91-DM/quant.sf,GS-91-DM
/home/ssg29/results/SLX-ILM-Plasma2021.Homo_sapiens.v1/Salmon/POPS-2022.GRCh38.88/GS-92-DN/quant.sf,GS-92-DN
/home/ssg29/results/SLX-ILM-Plasma2021.Homo_sapiens.v1/Salmon/POPS-2022.GRCh38.88/GS-93-EC/quant.sf,GS-93-EC
/home/ssg29/results/SLX-ILM-Plasma2021.Homo_sapiens.v1/Salmon/POPS-2022.GRCh38.88/GS-94-ED/quant.sf,GS-94-ED
/home/ssg29/results/SLX-ILM-Plasma2021.Homo_sapiens.v1/Salmon/POPS-2022.GRCh38.88/GS-95-EE/quant.sf,GS-95-EE
/home/ssg29/results/SLX-ILM-Plasma2021.Homo_sapiens.v1/Salmon/POPS-2022.GRCh38.88/GS-96-DW/quant.sf,GS-96-DW
/home/ssg29/results/SLX-ILM-Plasma2021.Homo_sapiens.v1/Salmon/POPS-2022.GRCh38.88/GS-97-DX/quant.sf,GS-97-DX
/home/ssg29/results/SLX-ILM-Plasma2021.Homo_sapiens.v1/Salmon/POPS-2022.GRCh38.88/GS-98-DY/quant.sf,GS-98-DY
/home/ssg29/results/SLX-ILM-Plasma2021.Homo_sapiens.v1/Salmon/POPS-2022.GRCh38.88/GS-99-DZ/quant.sf,GS-99-DZ
/home/ssg29/results/SLX-ILM-Plasma2021.Homo_sapiens.v1/Salmon/POPS-2022.GRCh38.88/GS-9-AL/quant.sf,GS-9-AL
/home/ssg29/results/SLX-ILM-Plasma2021.Homo_sapiens.v1/Salmon/POPS-2022.GRCh38.88/GS-B-100-FB/quant.sf,GS-B-100-FB
/home/ssg29/results/SLX-ILM-Plasma2021.Homo_sapiens.v1/Salmon/POPS-2022.GRCh38.88/GS-B-101-FC/quant.sf,GS-B-101-FC
/home/ssg29/results/SLX-ILM-Plasma2021.Homo_sapiens.v1/Salmon/POPS-2022.GRCh38.88/GS-B-102-FD/quant.sf,GS-B-102-FD
/home/ssg29/results/SLX-ILM-Plasma2021.Homo_sapiens.v1/Salmon/POPS-2022.GRCh38.88/GS-B-103-FE/quant.sf,GS-B-103-FE
/home/ssg29/results/SLX-ILM-Plasma2021.Homo_sapiens.v1/Salmon/POPS-2022.GRCh38.88/GS-B-104-FF/quant.sf,GS-B-104-FF
/home/ssg29/results/SLX-ILM-Plasma2021.Homo_sapiens.v1/Salmon/POPS-2022.GRCh38.88/GS-B-105-FG/quant.sf,GS-B-105-FG
/home/ssg29/results/SLX-ILM-Plasma2021.Homo_sapiens.v1/Salmon/POPS-2022.GRCh38.88/GS-B-106-FH/quant.sf,GS-B-106-FH
/home/ssg29/results/SLX-ILM-Plasma2021.Homo_sapiens.v1/Salmon/POPS-2022.GRCh38.88/GS-B-107-FJ/quant.sf,GS-B-107-FJ
/home/ssg29/results/SLX-ILM-Plasma2021.Homo_sapiens.v1/Salmon/POPS-2022.GRCh38.88/GS-B-108-FK/quant.sf,GS-B-108-FK
/home/ssg29/results/SLX-ILM-Plasma2021.Homo_sapiens.v1/Salmon/POPS-2022.GRCh38.88/GS-B-109-FM/quant.sf,GS-B-109-FM
/home/ssg29/results/SLX-ILM-Plasma2021.Homo_sapiens.v1/Salmon/POPS-2022.GRCh38.88/GS-B-10-AK/quant.sf,GS-B-10-AK
/home/ssg29/results/SLX-ILM-Plasma2021.Homo_sapiens.v1/Salmon/POPS-2022.GRCh38.88/GS-B-110-FP/quant.sf,GS-B-110-FP
/home/ssg29/results/SLX-ILM-Plasma2021.Homo_sapiens.v1/Salmon/POPS-2022.GRCh38.88/GS-B-111-FQ/quant.sf,GS-B-111-FQ
/home/ssg29/results/SLX-ILM-Plasma2021.Homo_sapiens.v1/Salmon/POPS-2022.GRCh38.88/GS-B-112-FS/quant.sf,GS-B-112-FS
/home/ssg29/results/SLX-ILM-Plasma2021.Homo_sapiens.v1/Salmon/POPS-2022.GRCh38.88/GS-B-113-FT/quant.sf,GS-B-113-FT
/home/ssg29/results/SLX-ILM-Plasma2021.Homo_sapiens.v1/Salmon/POPS-2022.GRCh38.88/GS-B-114-FV/quant.sf,GS-B-114-FV
/home/ssg29/results/SLX-ILM-Plasma2021.Homo_sapiens.v1/Salmon/POPS-2022.GRCh38.88/GS-B-115-FW/quant.sf,GS-B-115-FW
/home/ssg29/results/SLX-ILM-Plasma2021.Homo_sapiens.v1/Salmon/POPS-2022.GRCh38.88/GS-B-116-FX/quant.sf,GS-B-116-FX
/home/ssg29/results/SLX-ILM-Plasma2021.Homo_sapiens.v1/Salmon/POPS-2022.GRCh38.88/GS-B-117-FY/quant.sf,GS-B-117-FY
/home/ssg29/results/SLX-ILM-Plasma2021.Homo_sapiens.v1/Salmon/POPS-2022.GRCh38.88/GS-B-118-FZ/quant.sf,GS-B-118-FZ
/home/ssg29/results/SLX-ILM-Plasma2021.Homo_sapiens.v1/Salmon/POPS-2022.GRCh38.88/GS-B-119-GA/quant.sf,GS-B-119-GA
/home/ssg29/results/SLX-ILM-Plasma2021.Homo_sapiens.v1/Salmon/POPS-2022.GRCh38.88/GS-B-11-AM/quant.sf,GS-B-11-AM
/home/ssg29/results/SLX-ILM-Plasma2021.Homo_sapiens.v1/Salmon/POPS-2022.GRCh38.88/GS-B-120-GB/quant.sf,GS-B-120-GB
/home/ssg29/results/SLX-ILM-Plasma2021.Homo_sapiens.v1/Salmon/POPS-2022.GRCh38.88/GS-B-121-GC/quant.sf,GS-B-121-GC
/home/ssg29/results/SLX-ILM-Plasma2021.Homo_sapiens.v1/Salmon/POPS-2022.GRCh38.88/GS-B-122-GD/quant.sf,GS-B-122-GD
/home/ssg29/results/SLX-ILM-Plasma2021.Homo_sapiens.v1/Salmon/POPS-2022.GRCh38.88/GS-B-123-GE/quant.sf,GS-B-123-GE
/home/ssg29/results/SLX-ILM-Plasma2021.Homo_sapiens.v1/Salmon/POPS-2022.GRCh38.88/GS-B-124-GF/quant.sf,GS-B-124-GF
/home/ssg29/results/SLX-ILM-Plasma2021.Homo_sapiens.v1/Salmon/POPS-2022.GRCh38.88/GS-B-125-GG/quant.sf,GS-B-125-GG
/home/ssg29/results/SLX-ILM-Plasma2021.Homo_sapiens.v1/Salmon/POPS-2022.GRCh38.88/GS-B-126-GH/quant.sf,GS-B-126-GH
/home/ssg29/results/SLX-ILM-Plasma2021.Homo_sapiens.v1/Salmon/POPS-2022.GRCh38.88/GS-B-127-GJ/quant.sf,GS-B-127-GJ
/home/ssg29/results/SLX-ILM-Plasma2021.Homo_sapiens.v1/Salmon/POPS-2022.GRCh38.88/GS-B-128-GK/quant.sf,GS-B-128-GK
/home/ssg29/results/SLX-ILM-Plasma2021.Homo_sapiens.v1/Salmon/POPS-2022.GRCh38.88/GS-B-129-GM/quant.sf,GS-B-129-GM
/home/ssg29/results/SLX-ILM-Plasma2021.Homo_sapiens.v1/Salmon/POPS-2022.GRCh38.88/GS-B-12-AP/quant.sf,GS-B-12-AP
/home/ssg29/results/SLX-ILM-Plasma2021.Homo_sapiens.v1/Salmon/POPS-2022.GRCh38.88/GS-B-130-GP/quant.sf,GS-B-130-GP
/home/ssg29/results/SLX-ILM-Plasma2021.Homo_sapiens.v1/Salmon/POPS-2022.GRCh38.88/GS-B-131-GQ/quant.sf,GS-B-131-GQ
/home/ssg29/results/SLX-ILM-Plasma2021.Homo_sapiens.v1/Salmon/POPS-2022.GRCh38.88/GS-B-132-GS/quant.sf,GS-B-132-GS
/home/ssg29/results/SLX-ILM-Plasma2021.Homo_sapiens.v1/Salmon/POPS-2022.GRCh38.88/GS-B-133-GT/quant.sf,GS-B-133-GT
/home/ssg29/results/SLX-ILM-Plasma2021.Homo_sapiens.v1/Salmon/POPS-2022.GRCh38.88/GS-B-134-GV/quant.sf,GS-B-134-GV
/home/ssg29/results/SLX-ILM-Plasma2021.Homo_sapiens.v1/Salmon/POPS-2022.GRCh38.88/GS-B-135-GW/quant.sf,GS-B-135-GW
/home/ssg29/results/SLX-ILM-Plasma2021.Homo_sapiens.v1/Salmon/POPS-2022.GRCh38.88/GS-B-136-GX/quant.sf,GS-B-136-GX
/home/ssg29/results/SLX-ILM-Plasma2021.Homo_sapiens.v1/Salmon/POPS-2022.GRCh38.88/GS-B-137-GY/quant.sf,GS-B-137-GY
/home/ssg29/results/SLX-ILM-Plasma2021.Homo_sapiens.v1/Salmon/POPS-2022.GRCh38.88/GS-B-138-GZ/quant.sf,GS-B-138-GZ
/home/ssg29/results/SLX-ILM-Plasma2021.Homo_sapiens.v1/Salmon/POPS-2022.GRCh38.88/GS-B-139-HA/quant.sf,GS-B-139-HA
/home/ssg29/results/SLX-ILM-Plasma2021.Homo_sapiens.v1/Salmon/POPS-2022.GRCh38.88/GS-B-13-AQ/quant.sf,GS-B-13-AQ
/home/ssg29/results/SLX-ILM-Plasma2021.Homo_sapiens.v1/Salmon/POPS-2022.GRCh38.88/GS-B-140-HB/quant.sf,GS-B-140-HB
/home/ssg29/results/SLX-ILM-Plasma2021.Homo_sapiens.v1/Salmon/POPS-2022.GRCh38.88/GS-B-141-HC/quant.sf,GS-B-141-HC
/home/ssg29/results/SLX-ILM-Plasma2021.Homo_sapiens.v1/Salmon/POPS-2022.GRCh38.88/GS-B-142-HD/quant.sf,GS-B-142-HD
/home/ssg29/results/SLX-ILM-Plasma2021.Homo_sapiens.v1/Salmon/POPS-2022.GRCh38.88/GS-B-143-HE/quant.sf,GS-B-143-HE
/home/ssg29/results/SLX-ILM-Plasma2021.Homo_sapiens.v1/Salmon/POPS-2022.GRCh38.88/GS-B-144-HF/quant.sf,GS-B-144-HF
/home/ssg29/results/SLX-ILM-Plasma2021.Homo_sapiens.v1/Salmon/POPS-2022.GRCh38.88/GS-B-145-HG/quant.sf,GS-B-145-HG
/home/ssg29/results/SLX-ILM-Plasma2021.Homo_sapiens.v1/Salmon/POPS-2022.GRCh38.88/GS-B-146-HH/quant.sf,GS-B-146-HH
/home/ssg29/results/SLX-ILM-Plasma2021.Homo_sapiens.v1/Salmon/POPS-2022.GRCh38.88/GS-B-147-HJ/quant.sf,GS-B-147-HJ
/home/ssg29/results/SLX-ILM-Plasma2021.Homo_sapiens.v1/Salmon/POPS-2022.GRCh38.88/GS-B-148-HK/quant.sf,GS-B-148-HK
/home/ssg29/results/SLX-ILM-Plasma2021.Homo_sapiens.v1/Salmon/POPS-2022.GRCh38.88/GS-B-149-HM/quant.sf,GS-B-149-HM
/home/ssg29/results/SLX-ILM-Plasma2021.Homo_sapiens.v1/Salmon/POPS-2022.GRCh38.88/GS-B-14-AS/quant.sf,GS-B-14-AS
/home/ssg29/results/SLX-ILM-Plasma2021.Homo_sapiens.v1/Salmon/POPS-2022.GRCh38.88/GS-B-150-HP/quant.sf,GS-B-150-HP
/home/ssg29/results/SLX-ILM-Plasma2021.Homo_sapiens.v1/Salmon/POPS-2022.GRCh38.88/GS-B-151-HQ/quant.sf,GS-B-151-HQ
/home/ssg29/results/SLX-ILM-Plasma2021.Homo_sapiens.v1/Salmon/POPS-2022.GRCh38.88/GS-B-152-HS/quant.sf,GS-B-152-HS
/home/ssg29/results/SLX-ILM-Plasma2021.Homo_sapiens.v1/Salmon/POPS-2022.GRCh38.88/GS-B-153-HT/quant.sf,GS-B-153-HT
/home/ssg29/results/SLX-ILM-Plasma2021.Homo_sapiens.v1/Salmon/POPS-2022.GRCh38.88/GS-B-154-HV/quant.sf,GS-B-154-HV
/home/ssg29/results/SLX-ILM-Plasma2021.Homo_sapiens.v1/Salmon/POPS-2022.GRCh38.88/GS-B-155-HW/quant.sf,GS-B-155-HW
/home/ssg29/results/SLX-ILM-Plasma2021.Homo_sapiens.v1/Salmon/POPS-2022.GRCh38.88/GS-B-156-HX/quant.sf,GS-B-156-HX
/home/ssg29/results/SLX-ILM-Plasma2021.Homo_sapiens.v1/Salmon/POPS-2022.GRCh38.88/GS-B-157-HY/quant.sf,GS-B-157-HY
/home/ssg29/results/SLX-ILM-Plasma2021.Homo_sapiens.v1/Salmon/POPS-2022.GRCh38.88/GS-B-158-HZ/quant.sf,GS-B-158-HZ
/home/ssg29/results/SLX-ILM-Plasma2021.Homo_sapiens.v1/Salmon/POPS-2022.GRCh38.88/GS-B-159-JA/quant.sf,GS-B-159-JA
/home/ssg29/results/SLX-ILM-Plasma2021.Homo_sapiens.v1/Salmon/POPS-2022.GRCh38.88/GS-B-15-AT/quant.sf,GS-B-15-AT
/home/ssg29/results/SLX-ILM-Plasma2021.Homo_sapiens.v1/Salmon/POPS-2022.GRCh38.88/GS-B-160-JB/quant.sf,GS-B-160-JB
/home/ssg29/results/SLX-ILM-Plasma2021.Homo_sapiens.v1/Salmon/POPS-2022.GRCh38.88/GS-B-161-JC/quant.sf,GS-B-161-JC
/home/ssg29/results/SLX-ILM-Plasma2021.Homo_sapiens.v1/Salmon/POPS-2022.GRCh38.88/GS-B-162-JD/quant.sf,GS-B-162-JD
/home/ssg29/results/SLX-ILM-Plasma2021.Homo_sapiens.v1/Salmon/POPS-2022.GRCh38.88/GS-B-163-JE/quant.sf,GS-B-163-JE
/home/ssg29/results/SLX-ILM-Plasma2021.Homo_sapiens.v1/Salmon/POPS-2022.GRCh38.88/GS-B-164-JF/quant.sf,GS-B-164-JF
/home/ssg29/results/SLX-ILM-Plasma2021.Homo_sapiens.v1/Salmon/POPS-2022.GRCh38.88/GS-B-165-JG/quant.sf,GS-B-165-JG
/home/ssg29/results/SLX-ILM-Plasma2021.Homo_sapiens.v1/Salmon/POPS-2022.GRCh38.88/GS-B-166-JH/quant.sf,GS-B-166-JH
/home/ssg29/results/SLX-ILM-Plasma2021.Homo_sapiens.v1/Salmon/POPS-2022.GRCh38.88/GS-B-167-JJ/quant.sf,GS-B-167-JJ
/home/ssg29/results/SLX-ILM-Plasma2021.Homo_sapiens.v1/Salmon/POPS-2022.GRCh38.88/GS-B-168-JK/quant.sf,GS-B-168-JK
/home/ssg29/results/SLX-ILM-Plasma2021.Homo_sapiens.v1/Salmon/POPS-2022.GRCh38.88/GS-B-169-JM/quant.sf,GS-B-169-JM
/home/ssg29/results/SLX-ILM-Plasma2021.Homo_sapiens.v1/Salmon/POPS-2022.GRCh38.88/GS-B-16-AV/quant.sf,GS-B-16-AV
/home/ssg29/results/SLX-ILM-Plasma2021.Homo_sapiens.v1/Salmon/POPS-2022.GRCh38.88/GS-B-170-JP/quant.sf,GS-B-170-JP
/home/ssg29/results/SLX-ILM-Plasma2021.Homo_sapiens.v1/Salmon/POPS-2022.GRCh38.88/GS-B-171-JQ/quant.sf,GS-B-171-JQ
/home/ssg29/results/SLX-ILM-Plasma2021.Homo_sapiens.v1/Salmon/POPS-2022.GRCh38.88/GS-B-172-JS/quant.sf,GS-B-172-JS
/home/ssg29/results/SLX-ILM-Plasma2021.Homo_sapiens.v1/Salmon/POPS-2022.GRCh38.88/GS-B-173-JT/quant.sf,GS-B-173-JT
/home/ssg29/results/SLX-ILM-Plasma2021.Homo_sapiens.v1/Salmon/POPS-2022.GRCh38.88/GS-B-174-JV/quant.sf,GS-B-174-JV
/home/ssg29/results/SLX-ILM-Plasma2021.Homo_sapiens.v1/Salmon/POPS-2022.GRCh38.88/GS-B-175-JW/quant.sf,GS-B-175-JW
/home/ssg29/results/SLX-ILM-Plasma2021.Homo_sapiens.v1/Salmon/POPS-2022.GRCh38.88/GS-B-176-JX/quant.sf,GS-B-176-JX
/home/ssg29/results/SLX-ILM-Plasma2021.Homo_sapiens.v1/Salmon/POPS-2022.GRCh38.88/GS-B-177-JY/quant.sf,GS-B-177-JY
/home/ssg29/results/SLX-ILM-Plasma2021.Homo_sapiens.v1/Salmon/POPS-2022.GRCh38.88/GS-B-178-JZ/quant.sf,GS-B-178-JZ
/home/ssg29/results/SLX-ILM-Plasma2021.Homo_sapiens.v1/Salmon/POPS-2022.GRCh38.88/GS-B-179-KA/quant.sf,GS-B-179-KA
/home/ssg29/results/SLX-ILM-Plasma2021.Homo_sapiens.v1/Salmon/POPS-2022.GRCh38.88/GS-B-17-AW/quant.sf,GS-B-17-AW
/home/ssg29/results/SLX-ILM-Plasma2021.Homo_sapiens.v1/Salmon/POPS-2022.GRCh38.88/GS-B-180-KB/quant.sf,GS-B-180-KB
/home/ssg29/results/SLX-ILM-Plasma2021.Homo_sapiens.v1/Salmon/POPS-2022.GRCh38.88/GS-B-181-KC/quant.sf,GS-B-181-KC
/home/ssg29/results/SLX-ILM-Plasma2021.Homo_sapiens.v1/Salmon/POPS-2022.GRCh38.88/GS-B-182-KD/quant.sf,GS-B-182-KD
/home/ssg29/results/SLX-ILM-Plasma2021.Homo_sapiens.v1/Salmon/POPS-2022.GRCh38.88/GS-B-183-KE/quant.sf,GS-B-183-KE
/home/ssg29/results/SLX-ILM-Plasma2021.Homo_sapiens.v1/Salmon/POPS-2022.GRCh38.88/GS-B-184-KF/quant.sf,GS-B-184-KF
/home/ssg29/results/SLX-ILM-Plasma2021.Homo_sapiens.v1/Salmon/POPS-2022.GRCh38.88/GS-B-185-KG/quant.sf,GS-B-185-KG
/home/ssg29/results/SLX-ILM-Plasma2021.Homo_sapiens.v1/Salmon/POPS-2022.GRCh38.88/GS-B-186-KH/quant.sf,GS-B-186-KH
/home/ssg29/results/SLX-ILM-Plasma2021.Homo_sapiens.v1/Salmon/POPS-2022.GRCh38.88/GS-B-187-KJ/quant.sf,GS-B-187-KJ
/home/ssg29/results/SLX-ILM-Plasma2021.Homo_sapiens.v1/Salmon/POPS-2022.GRCh38.88/GS-B-188-KK/quant.sf,GS-B-188-KK
/home/ssg29/results/SLX-ILM-Plasma2021.Homo_sapiens.v1/Salmon/POPS-2022.GRCh38.88/GS-B-189-KM/quant.sf,GS-B-189-KM
/home/ssg29/results/SLX-ILM-Plasma2021.Homo_sapiens.v1/Salmon/POPS-2022.GRCh38.88/GS-B-18-AX/quant.sf,GS-B-18-AX
/home/ssg29/results/SLX-ILM-Plasma2021.Homo_sapiens.v1/Salmon/POPS-2022.GRCh38.88/GS-B-190-KP/quant.sf,GS-B-190-KP
/home/ssg29/results/SLX-ILM-Plasma2021.Homo_sapiens.v1/Salmon/POPS-2022.GRCh38.88/GS-B-191-KQ/quant.sf,GS-B-191-KQ
/home/ssg29/results/SLX-ILM-Plasma2021.Homo_sapiens.v1/Salmon/POPS-2022.GRCh38.88/GS-B-192-KS/quant.sf,GS-B-192-KS
/home/ssg29/results/SLX-ILM-Plasma2021.Homo_sapiens.v1/Salmon/POPS-2022.GRCh38.88/GS-B-193-KT/quant.sf,GS-B-193-KT
/home/ssg29/results/SLX-ILM-Plasma2021.Homo_sapiens.v1/Salmon/POPS-2022.GRCh38.88/GS-B-194-KV/quant.sf,GS-B-194-KV
/home/ssg29/results/SLX-ILM-Plasma2021.Homo_sapiens.v1/Salmon/POPS-2022.GRCh38.88/GS-B-195-KW/quant.sf,GS-B-195-KW
/home/ssg29/results/SLX-ILM-Plasma2021.Homo_sapiens.v1/Salmon/POPS-2022.GRCh38.88/GS-B-196-KX/quant.sf,GS-B-196-KX
/home/ssg29/results/SLX-ILM-Plasma2021.Homo_sapiens.v1/Salmon/POPS-2022.GRCh38.88/GS-B-197-KY/quant.sf,GS-B-197-KY
/home/ssg29/results/SLX-ILM-Plasma2021.Homo_sapiens.v1/Salmon/POPS-2022.GRCh38.88/GS-B-198-KZ/quant.sf,GS-B-198-KZ
/home/ssg29/results/SLX-ILM-Plasma2021.Homo_sapiens.v1/Salmon/POPS-2022.GRCh38.88/GS-B-199-LA/quant.sf,GS-B-199-LA
/home/ssg29/results/SLX-ILM-Plasma2021.Homo_sapiens.v1/Salmon/POPS-2022.GRCh38.88/GS-B-19-AZ/quant.sf,GS-B-19-AZ
/home/ssg29/results/SLX-ILM-Plasma2021.Homo_sapiens.v1/Salmon/POPS-2022.GRCh38.88/GS-B-1-AA/quant.sf,GS-B-1-AA
/home/ssg29/results/SLX-ILM-Plasma2021.Homo_sapiens.v1/Salmon/POPS-2022.GRCh38.88/GS-B-200-LB/quant.sf,GS-B-200-LB
/home/ssg29/results/SLX-ILM-Plasma2021.Homo_sapiens.v1/Salmon/POPS-2022.GRCh38.88/GS-B-201-LC/quant.sf,GS-B-201-LC
/home/ssg29/results/SLX-ILM-Plasma2021.Homo_sapiens.v1/Salmon/POPS-2022.GRCh38.88/GS-B-202-LD/quant.sf,GS-B-202-LD
/home/ssg29/results/SLX-ILM-Plasma2021.Homo_sapiens.v1/Salmon/POPS-2022.GRCh38.88/GS-B-203-LE/quant.sf,GS-B-203-LE
/home/ssg29/results/SLX-ILM-Plasma2021.Homo_sapiens.v1/Salmon/POPS-2022.GRCh38.88/GS-B-204-LF/quant.sf,GS-B-204-LF
/home/ssg29/results/SLX-ILM-Plasma2021.Homo_sapiens.v1/Salmon/POPS-2022.GRCh38.88/GS-B-205-LG/quant.sf,GS-B-205-LG
/home/ssg29/results/SLX-ILM-Plasma2021.Homo_sapiens.v1/Salmon/POPS-2022.GRCh38.88/GS-B-206-LH/quant.sf,GS-B-206-LH
/home/ssg29/results/SLX-ILM-Plasma2021.Homo_sapiens.v1/Salmon/POPS-2022.GRCh38.88/GS-B-207-LJ/quant.sf,GS-B-207-LJ
/home/ssg29/results/SLX-ILM-Plasma2021.Homo_sapiens.v1/Salmon/POPS-2022.GRCh38.88/GS-B-208-LK/quant.sf,GS-B-208-LK
/home/ssg29/results/SLX-ILM-Plasma2021.Homo_sapiens.v1/Salmon/POPS-2022.GRCh38.88/GS-B-209-LM/quant.sf,GS-B-209-LM
/home/ssg29/results/SLX-ILM-Plasma2021.Homo_sapiens.v1/Salmon/POPS-2022.GRCh38.88/GS-B-20-BA/quant.sf,GS-B-20-BA
/home/ssg29/results/SLX-ILM-Plasma2021.Homo_sapiens.v1/Salmon/POPS-2022.GRCh38.88/GS-B-210-LP/quant.sf,GS-B-210-LP
/home/ssg29/results/SLX-ILM-Plasma2021.Homo_sapiens.v1/Salmon/POPS-2022.GRCh38.88/GS-B-211-LQ/quant.sf,GS-B-211-LQ
/home/ssg29/results/SLX-ILM-Plasma2021.Homo_sapiens.v1/Salmon/POPS-2022.GRCh38.88/GS-B-212-LS/quant.sf,GS-B-212-LS
/home/ssg29/results/SLX-ILM-Plasma2021.Homo_sapiens.v1/Salmon/POPS-2022.GRCh38.88/GS-B-213-LT/quant.sf,GS-B-213-LT
/home/ssg29/results/SLX-ILM-Plasma2021.Homo_sapiens.v1/Salmon/POPS-2022.GRCh38.88/GS-B-214-LV/quant.sf,GS-B-214-LV
/home/ssg29/results/SLX-ILM-Plasma2021.Homo_sapiens.v1/Salmon/POPS-2022.GRCh38.88/GS-B-215-LW/quant.sf,GS-B-215-LW
/home/ssg29/results/SLX-ILM-Plasma2021.Homo_sapiens.v1/Salmon/POPS-2022.GRCh38.88/GS-B-216-LX/quant.sf,GS-B-216-LX
/home/ssg29/results/SLX-ILM-Plasma2021.Homo_sapiens.v1/Salmon/POPS-2022.GRCh38.88/GS-B-217-LY/quant.sf,GS-B-217-LY
/home/ssg29/results/SLX-ILM-Plasma2021.Homo_sapiens.v1/Salmon/POPS-2022.GRCh38.88/GS-B-218-LZ/quant.sf,GS-B-218-LZ
/home/ssg29/results/SLX-ILM-Plasma2021.Homo_sapiens.v1/Salmon/POPS-2022.GRCh38.88/GS-B-219-MA/quant.sf,GS-B-219-MA
/home/ssg29/results/SLX-ILM-Plasma2021.Homo_sapiens.v1/Salmon/POPS-2022.GRCh38.88/GS-B-21-BB/quant.sf,GS-B-21-BB
/home/ssg29/results/SLX-ILM-Plasma2021.Homo_sapiens.v1/Salmon/POPS-2022.GRCh38.88/GS-B-220-MB/quant.sf,GS-B-220-MB
/home/ssg29/results/SLX-ILM-Plasma2021.Homo_sapiens.v1/Salmon/POPS-2022.GRCh38.88/GS-B-221-MC/quant.sf,GS-B-221-MC
/home/ssg29/results/SLX-ILM-Plasma2021.Homo_sapiens.v1/Salmon/POPS-2022.GRCh38.88/GS-B-222-MD/quant.sf,GS-B-222-MD
/home/ssg29/results/SLX-ILM-Plasma2021.Homo_sapiens.v1/Salmon/POPS-2022.GRCh38.88/GS-B-223-ME/quant.sf,GS-B-223-ME
/home/ssg29/results/SLX-ILM-Plasma2021.Homo_sapiens.v1/Salmon/POPS-2022.GRCh38.88/GS-B-224-MF/quant.sf,GS-B-224-MF
/home/ssg29/results/SLX-ILM-Plasma2021.Homo_sapiens.v1/Salmon/POPS-2022.GRCh38.88/GS-B-225-MG/quant.sf,GS-B-225-MG
/home/ssg29/results/SLX-ILM-Plasma2021.Homo_sapiens.v1/Salmon/POPS-2022.GRCh38.88/GS-B-226-MH/quant.sf,GS-B-226-MH
/home/ssg29/results/SLX-ILM-Plasma2021.Homo_sapiens.v1/Salmon/POPS-2022.GRCh38.88/GS-B-227-MJ/quant.sf,GS-B-227-MJ
/home/ssg29/results/SLX-ILM-Plasma2021.Homo_sapiens.v1/Salmon/POPS-2022.GRCh38.88/GS-B-228-MK/quant.sf,GS-B-228-MK
/home/ssg29/results/SLX-ILM-Plasma2021.Homo_sapiens.v1/Salmon/POPS-2022.GRCh38.88/GS-B-229-MM/quant.sf,GS-B-229-MM
/home/ssg29/results/SLX-ILM-Plasma2021.Homo_sapiens.v1/Salmon/POPS-2022.GRCh38.88/GS-B-22-BC/quant.sf,GS-B-22-BC
/home/ssg29/results/SLX-ILM-Plasma2021.Homo_sapiens.v1/Salmon/POPS-2022.GRCh38.88/GS-B-230-MQ/quant.sf,GS-B-230-MQ
/home/ssg29/results/SLX-ILM-Plasma2021.Homo_sapiens.v1/Salmon/POPS-2022.GRCh38.88/GS-B-231-MS/quant.sf,GS-B-231-MS
/home/ssg29/results/SLX-ILM-Plasma2021.Homo_sapiens.v1/Salmon/POPS-2022.GRCh38.88/GS-B-232-MT/quant.sf,GS-B-232-MT
/home/ssg29/results/SLX-ILM-Plasma2021.Homo_sapiens.v1/Salmon/POPS-2022.GRCh38.88/GS-B-233-MV/quant.sf,GS-B-233-MV
/home/ssg29/results/SLX-ILM-Plasma2021.Homo_sapiens.v1/Salmon/POPS-2022.GRCh38.88/GS-B-234-MW/quant.sf,GS-B-234-MW
/home/ssg29/results/SLX-ILM-Plasma2021.Homo_sapiens.v1/Salmon/POPS-2022.GRCh38.88/GS-B-235-MX/quant.sf,GS-B-235-MX
/home/ssg29/results/SLX-ILM-Plasma2021.Homo_sapiens.v1/Salmon/POPS-2022.GRCh38.88/GS-B-236-MY/quant.sf,GS-B-236-MY
/home/ssg29/results/SLX-ILM-Plasma2021.Homo_sapiens.v1/Salmon/POPS-2022.GRCh38.88/GS-B-237-MZ/quant.sf,GS-B-237-MZ
/home/ssg29/results/SLX-ILM-Plasma2021.Homo_sapiens.v1/Salmon/POPS-2022.GRCh38.88/GS-B-238-NA/quant.sf,GS-B-238-NA
/home/ssg29/results/SLX-ILM-Plasma2021.Homo_sapiens.v1/Salmon/POPS-2022.GRCh38.88/GS-B-239-NB/quant.sf,GS-B-239-NB
/home/ssg29/results/SLX-ILM-Plasma2021.Homo_sapiens.v1/Salmon/POPS-2022.GRCh38.88/GS-B-23-BD/quant.sf,GS-B-23-BD
/home/ssg29/results/SLX-ILM-Plasma2021.Homo_sapiens.v1/Salmon/POPS-2022.GRCh38.88/GS-B-240-NC/quant.sf,GS-B-240-NC
/home/ssg29/results/SLX-ILM-Plasma2021.Homo_sapiens.v1/Salmon/POPS-2022.GRCh38.88/GS-B-241-ND/quant.sf,GS-B-241-ND
/home/ssg29/results/SLX-ILM-Plasma2021.Homo_sapiens.v1/Salmon/POPS-2022.GRCh38.88/GS-B-242-NE/quant.sf,GS-B-242-NE
/home/ssg29/results/SLX-ILM-Plasma2021.Homo_sapiens.v1/Salmon/POPS-2022.GRCh38.88/GS-B-243-NF/quant.sf,GS-B-243-NF
/home/ssg29/results/SLX-ILM-Plasma2021.Homo_sapiens.v1/Salmon/POPS-2022.GRCh38.88/GS-B-244-NG/quant.sf,GS-B-244-NG
/home/ssg29/results/SLX-ILM-Plasma2021.Homo_sapiens.v1/Salmon/POPS-2022.GRCh38.88/GS-B-245-NH/quant.sf,GS-B-245-NH
/home/ssg29/results/SLX-ILM-Plasma2021.Homo_sapiens.v1/Salmon/POPS-2022.GRCh38.88/GS-B-246-NJ/quant.sf,GS-B-246-NJ
/home/ssg29/results/SLX-ILM-Plasma2021.Homo_sapiens.v1/Salmon/POPS-2022.GRCh38.88/GS-B-247-NK/quant.sf,GS-B-247-NK
/home/ssg29/results/SLX-ILM-Plasma2021.Homo_sapiens.v1/Salmon/POPS-2022.GRCh38.88/GS-B-248-NM/quant.sf,GS-B-248-NM
/home/ssg29/results/SLX-ILM-Plasma2021.Homo_sapiens.v1/Salmon/POPS-2022.GRCh38.88/GS-B-249-NP/quant.sf,GS-B-249-NP
/home/ssg29/results/SLX-ILM-Plasma2021.Homo_sapiens.v1/Salmon/POPS-2022.GRCh38.88/GS-B-24-BE/quant.sf,GS-B-24-BE
/home/ssg29/results/SLX-ILM-Plasma2021.Homo_sapiens.v1/Salmon/POPS-2022.GRCh38.88/GS-B-250-NQ/quant.sf,GS-B-250-NQ
/home/ssg29/results/SLX-ILM-Plasma2021.Homo_sapiens.v1/Salmon/POPS-2022.GRCh38.88/GS-B-251-NS/quant.sf,GS-B-251-NS
/home/ssg29/results/SLX-ILM-Plasma2021.Homo_sapiens.v1/Salmon/POPS-2022.GRCh38.88/GS-B-252-NT/quant.sf,GS-B-252-NT
/home/ssg29/results/SLX-ILM-Plasma2021.Homo_sapiens.v1/Salmon/POPS-2022.GRCh38.88/GS-B-253-NV/quant.sf,GS-B-253-NV
/home/ssg29/results/SLX-ILM-Plasma2021.Homo_sapiens.v1/Salmon/POPS-2022.GRCh38.88/GS-B-254-NW/quant.sf,GS-B-254-NW
/home/ssg29/results/SLX-ILM-Plasma2021.Homo_sapiens.v1/Salmon/POPS-2022.GRCh38.88/GS-B-255-NX/quant.sf,GS-B-255-NX
/home/ssg29/results/SLX-ILM-Plasma2021.Homo_sapiens.v1/Salmon/POPS-2022.GRCh38.88/GS-B-256-NY/quant.sf,GS-B-256-NY
/home/ssg29/results/SLX-ILM-Plasma2021.Homo_sapiens.v1/Salmon/POPS-2022.GRCh38.88/GS-B-257-NZ/quant.sf,GS-B-257-NZ
/home/ssg29/results/SLX-ILM-Plasma2021.Homo_sapiens.v1/Salmon/POPS-2022.GRCh38.88/GS-B-258-PA/quant.sf,GS-B-258-PA
/home/ssg29/results/SLX-ILM-Plasma2021.Homo_sapiens.v1/Salmon/POPS-2022.GRCh38.88/GS-B-259-PB/quant.sf,GS-B-259-PB
/home/ssg29/results/SLX-ILM-Plasma2021.Homo_sapiens.v1/Salmon/POPS-2022.GRCh38.88/GS-B-25-BF/quant.sf,GS-B-25-BF
/home/ssg29/results/SLX-ILM-Plasma2021.Homo_sapiens.v1/Salmon/POPS-2022.GRCh38.88/GS-B-260-PC/quant.sf,GS-B-260-PC
/home/ssg29/results/SLX-ILM-Plasma2021.Homo_sapiens.v1/Salmon/POPS-2022.GRCh38.88/GS-B-261-PD/quant.sf,GS-B-261-PD
/home/ssg29/results/SLX-ILM-Plasma2021.Homo_sapiens.v1/Salmon/POPS-2022.GRCh38.88/GS-B-262-PE/quant.sf,GS-B-262-PE
/home/ssg29/results/SLX-ILM-Plasma2021.Homo_sapiens.v1/Salmon/POPS-2022.GRCh38.88/GS-B-263-PF/quant.sf,GS-B-263-PF
/home/ssg29/results/SLX-ILM-Plasma2021.Homo_sapiens.v1/Salmon/POPS-2022.GRCh38.88/GS-B-264-PG/quant.sf,GS-B-264-PG
/home/ssg29/results/SLX-ILM-Plasma2021.Homo_sapiens.v1/Salmon/POPS-2022.GRCh38.88/GS-B-265-PH/quant.sf,GS-B-265-PH
/home/ssg29/results/SLX-ILM-Plasma2021.Homo_sapiens.v1/Salmon/POPS-2022.GRCh38.88/GS-B-266-PJ/quant.sf,GS-B-266-PJ
/home/ssg29/results/SLX-ILM-Plasma2021.Homo_sapiens.v1/Salmon/POPS-2022.GRCh38.88/GS-B-267-PK/quant.sf,GS-B-267-PK
/home/ssg29/results/SLX-ILM-Plasma2021.Homo_sapiens.v1/Salmon/POPS-2022.GRCh38.88/GS-B-268-PM/quant.sf,GS-B-268-PM
/home/ssg29/results/SLX-ILM-Plasma2021.Homo_sapiens.v1/Salmon/POPS-2022.GRCh38.88/GS-B-269-PP/quant.sf,GS-B-269-PP
/home/ssg29/results/SLX-ILM-Plasma2021.Homo_sapiens.v1/Salmon/POPS-2022.GRCh38.88/GS-B-26-BG/quant.sf,GS-B-26-BG
/home/ssg29/results/SLX-ILM-Plasma2021.Homo_sapiens.v1/Salmon/POPS-2022.GRCh38.88/GS-B-270-PQ/quant.sf,GS-B-270-PQ
/home/ssg29/results/SLX-ILM-Plasma2021.Homo_sapiens.v1/Salmon/POPS-2022.GRCh38.88/GS-B-271-PS/quant.sf,GS-B-271-PS
/home/ssg29/results/SLX-ILM-Plasma2021.Homo_sapiens.v1/Salmon/POPS-2022.GRCh38.88/GS-B-272-PT/quant.sf,GS-B-272-PT
/home/ssg29/results/SLX-ILM-Plasma2021.Homo_sapiens.v1/Salmon/POPS-2022.GRCh38.88/GS-B-273-PV/quant.sf,GS-B-273-PV
/home/ssg29/results/SLX-ILM-Plasma2021.Homo_sapiens.v1/Salmon/POPS-2022.GRCh38.88/GS-B-274-PW/quant.sf,GS-B-274-PW
/home/ssg29/results/SLX-ILM-Plasma2021.Homo_sapiens.v1/Salmon/POPS-2022.GRCh38.88/GS-B-275-PX/quant.sf,GS-B-275-PX
/home/ssg29/results/SLX-ILM-Plasma2021.Homo_sapiens.v1/Salmon/POPS-2022.GRCh38.88/GS-B-276-PY/quant.sf,GS-B-276-PY
/home/ssg29/results/SLX-ILM-Plasma2021.Homo_sapiens.v1/Salmon/POPS-2022.GRCh38.88/GS-B-277-PZ/quant.sf,GS-B-277-PZ
/home/ssg29/results/SLX-ILM-Plasma2021.Homo_sapiens.v1/Salmon/POPS-2022.GRCh38.88/GS-B-278-QA/quant.sf,GS-B-278-QA
/home/ssg29/results/SLX-ILM-Plasma2021.Homo_sapiens.v1/Salmon/POPS-2022.GRCh38.88/GS-B-279-QB/quant.sf,GS-B-279-QB
/home/ssg29/results/SLX-ILM-Plasma2021.Homo_sapiens.v1/Salmon/POPS-2022.GRCh38.88/GS-B-27-BH/quant.sf,GS-B-27-BH
/home/ssg29/results/SLX-ILM-Plasma2021.Homo_sapiens.v1/Salmon/POPS-2022.GRCh38.88/GS-B-280-QC/quant.sf,GS-B-280-QC
/home/ssg29/results/SLX-ILM-Plasma2021.Homo_sapiens.v1/Salmon/POPS-2022.GRCh38.88/GS-B-281-QD/quant.sf,GS-B-281-QD
/home/ssg29/results/SLX-ILM-Plasma2021.Homo_sapiens.v1/Salmon/POPS-2022.GRCh38.88/GS-B-282-QE/quant.sf,GS-B-282-QE
/home/ssg29/results/SLX-ILM-Plasma2021.Homo_sapiens.v1/Salmon/POPS-2022.GRCh38.88/GS-B-283-QF/quant.sf,GS-B-283-QF
/home/ssg29/results/SLX-ILM-Plasma2021.Homo_sapiens.v1/Salmon/POPS-2022.GRCh38.88/GS-B-284-QG/quant.sf,GS-B-284-QG
/home/ssg29/results/SLX-ILM-Plasma2021.Homo_sapiens.v1/Salmon/POPS-2022.GRCh38.88/GS-B-285-QH/quant.sf,GS-B-285-QH
/home/ssg29/results/SLX-ILM-Plasma2021.Homo_sapiens.v1/Salmon/POPS-2022.GRCh38.88/GS-B-286-QJ/quant.sf,GS-B-286-QJ
/home/ssg29/results/SLX-ILM-Plasma2021.Homo_sapiens.v1/Salmon/POPS-2022.GRCh38.88/GS-B-287-QK/quant.sf,GS-B-287-QK
/home/ssg29/results/SLX-ILM-Plasma2021.Homo_sapiens.v1/Salmon/POPS-2022.GRCh38.88/GS-B-288-QM/quant.sf,GS-B-288-QM
/home/ssg29/results/SLX-ILM-Plasma2021.Homo_sapiens.v1/Salmon/POPS-2022.GRCh38.88/GS-B-289-QP/quant.sf,GS-B-289-QP
/home/ssg29/results/SLX-ILM-Plasma2021.Homo_sapiens.v1/Salmon/POPS-2022.GRCh38.88/GS-B-28-BJ/quant.sf,GS-B-28-BJ
/home/ssg29/results/SLX-ILM-Plasma2021.Homo_sapiens.v1/Salmon/POPS-2022.GRCh38.88/GS-B-290-QQ/quant.sf,GS-B-290-QQ
/home/ssg29/results/SLX-ILM-Plasma2021.Homo_sapiens.v1/Salmon/POPS-2022.GRCh38.88/GS-B-291-QS/quant.sf,GS-B-291-QS
/home/ssg29/results/SLX-ILM-Plasma2021.Homo_sapiens.v1/Salmon/POPS-2022.GRCh38.88/GS-B-292-QT/quant.sf,GS-B-292-QT
/home/ssg29/results/SLX-ILM-Plasma2021.Homo_sapiens.v1/Salmon/POPS-2022.GRCh38.88/GS-B-293-QV/quant.sf,GS-B-293-QV
/home/ssg29/results/SLX-ILM-Plasma2021.Homo_sapiens.v1/Salmon/POPS-2022.GRCh38.88/GS-B-294-QW/quant.sf,GS-B-294-QW
/home/ssg29/results/SLX-ILM-Plasma2021.Homo_sapiens.v1/Salmon/POPS-2022.GRCh38.88/GS-B-295-QX/quant.sf,GS-B-295-QX
/home/ssg29/results/SLX-ILM-Plasma2021.Homo_sapiens.v1/Salmon/POPS-2022.GRCh38.88/GS-B-296-QY/quant.sf,GS-B-296-QY
/home/ssg29/results/SLX-ILM-Plasma2021.Homo_sapiens.v1/Salmon/POPS-2022.GRCh38.88/GS-B-297-QZ/quant.sf,GS-B-297-QZ
/home/ssg29/results/SLX-ILM-Plasma2021.Homo_sapiens.v1/Salmon/POPS-2022.GRCh38.88/GS-B-298-RA/quant.sf,GS-B-298-RA
/home/ssg29/results/SLX-ILM-Plasma2021.Homo_sapiens.v1/Salmon/POPS-2022.GRCh38.88/GS-B-299-RB/quant.sf,GS-B-299-RB
/home/ssg29/results/SLX-ILM-Plasma2021.Homo_sapiens.v1/Salmon/POPS-2022.GRCh38.88/GS-B-29-BK/quant.sf,GS-B-29-BK
/home/ssg29/results/SLX-ILM-Plasma2021.Homo_sapiens.v1/Salmon/POPS-2022.GRCh38.88/GS-B-2-AB/quant.sf,GS-B-2-AB
/home/ssg29/results/SLX-ILM-Plasma2021.Homo_sapiens.v1/Salmon/POPS-2022.GRCh38.88/GS-B-300-RC/quant.sf,GS-B-300-RC
/home/ssg29/results/SLX-ILM-Plasma2021.Homo_sapiens.v1/Salmon/POPS-2022.GRCh38.88/GS-B-301-RD/quant.sf,GS-B-301-RD
/home/ssg29/results/SLX-ILM-Plasma2021.Homo_sapiens.v1/Salmon/POPS-2022.GRCh38.88/GS-B-302-RE/quant.sf,GS-B-302-RE
/home/ssg29/results/SLX-ILM-Plasma2021.Homo_sapiens.v1/Salmon/POPS-2022.GRCh38.88/GS-B-303-RF/quant.sf,GS-B-303-RF
/home/ssg29/results/SLX-ILM-Plasma2021.Homo_sapiens.v1/Salmon/POPS-2022.GRCh38.88/GS-B-304-RG/quant.sf,GS-B-304-RG
/home/ssg29/results/SLX-ILM-Plasma2021.Homo_sapiens.v1/Salmon/POPS-2022.GRCh38.88/GS-B-305-RH/quant.sf,GS-B-305-RH
/home/ssg29/results/SLX-ILM-Plasma2021.Homo_sapiens.v1/Salmon/POPS-2022.GRCh38.88/GS-B-306-RJ/quant.sf,GS-B-306-RJ
/home/ssg29/results/SLX-ILM-Plasma2021.Homo_sapiens.v1/Salmon/POPS-2022.GRCh38.88/GS-B-307-RK/quant.sf,GS-B-307-RK
/home/ssg29/results/SLX-ILM-Plasma2021.Homo_sapiens.v1/Salmon/POPS-2022.GRCh38.88/GS-B-308-RM/quant.sf,GS-B-308-RM
/home/ssg29/results/SLX-ILM-Plasma2021.Homo_sapiens.v1/Salmon/POPS-2022.GRCh38.88/GS-B-309-RP/quant.sf,GS-B-309-RP
/home/ssg29/results/SLX-ILM-Plasma2021.Homo_sapiens.v1/Salmon/POPS-2022.GRCh38.88/GS-B-30-BM/quant.sf,GS-B-30-BM
/home/ssg29/results/SLX-ILM-Plasma2021.Homo_sapiens.v1/Salmon/POPS-2022.GRCh38.88/GS-B-310-RQ/quant.sf,GS-B-310-RQ
/home/ssg29/results/SLX-ILM-Plasma2021.Homo_sapiens.v1/Salmon/POPS-2022.GRCh38.88/GS-B-311-RS/quant.sf,GS-B-311-RS
/home/ssg29/results/SLX-ILM-Plasma2021.Homo_sapiens.v1/Salmon/POPS-2022.GRCh38.88/GS-B-312-RT/quant.sf,GS-B-312-RT
/home/ssg29/results/SLX-ILM-Plasma2021.Homo_sapiens.v1/Salmon/POPS-2022.GRCh38.88/GS-B-313-RV/quant.sf,GS-B-313-RV
/home/ssg29/results/SLX-ILM-Plasma2021.Homo_sapiens.v1/Salmon/POPS-2022.GRCh38.88/GS-B-314-RW/quant.sf,GS-B-314-RW
/home/ssg29/results/SLX-ILM-Plasma2021.Homo_sapiens.v1/Salmon/POPS-2022.GRCh38.88/GS-B-315-RX/quant.sf,GS-B-315-RX
/home/ssg29/results/SLX-ILM-Plasma2021.Homo_sapiens.v1/Salmon/POPS-2022.GRCh38.88/GS-B-316-RY/quant.sf,GS-B-316-RY
/home/ssg29/results/SLX-ILM-Plasma2021.Homo_sapiens.v1/Salmon/POPS-2022.GRCh38.88/GS-B-317-RZ/quant.sf,GS-B-317-RZ
/home/ssg29/results/SLX-ILM-Plasma2021.Homo_sapiens.v1/Salmon/POPS-2022.GRCh38.88/GS-B-318-SA/quant.sf,GS-B-318-SA
/home/ssg29/results/SLX-ILM-Plasma2021.Homo_sapiens.v1/Salmon/POPS-2022.GRCh38.88/GS-B-319-SB/quant.sf,GS-B-319-SB
/home/ssg29/results/SLX-ILM-Plasma2021.Homo_sapiens.v1/Salmon/POPS-2022.GRCh38.88/GS-B-31-BP/quant.sf,GS-B-31-BP
/home/ssg29/results/SLX-ILM-Plasma2021.Homo_sapiens.v1/Salmon/POPS-2022.GRCh38.88/GS-B-320-SC/quant.sf,GS-B-320-SC
/home/ssg29/results/SLX-ILM-Plasma2021.Homo_sapiens.v1/Salmon/POPS-2022.GRCh38.88/GS-B-321-SD/quant.sf,GS-B-321-SD
/home/ssg29/results/SLX-ILM-Plasma2021.Homo_sapiens.v1/Salmon/POPS-2022.GRCh38.88/GS-B-322-SE/quant.sf,GS-B-322-SE
/home/ssg29/results/SLX-ILM-Plasma2021.Homo_sapiens.v1/Salmon/POPS-2022.GRCh38.88/GS-B-323-SF/quant.sf,GS-B-323-SF
/home/ssg29/results/SLX-ILM-Plasma2021.Homo_sapiens.v1/Salmon/POPS-2022.GRCh38.88/GS-B-324-SG/quant.sf,GS-B-324-SG
/home/ssg29/results/SLX-ILM-Plasma2021.Homo_sapiens.v1/Salmon/POPS-2022.GRCh38.88/GS-B-325-SH/quant.sf,GS-B-325-SH
/home/ssg29/results/SLX-ILM-Plasma2021.Homo_sapiens.v1/Salmon/POPS-2022.GRCh38.88/GS-B-326-SJ/quant.sf,GS-B-326-SJ
/home/ssg29/results/SLX-ILM-Plasma2021.Homo_sapiens.v1/Salmon/POPS-2022.GRCh38.88/GS-B-327-SK/quant.sf,GS-B-327-SK
/home/ssg29/results/SLX-ILM-Plasma2021.Homo_sapiens.v1/Salmon/POPS-2022.GRCh38.88/GS-B-328-SM/quant.sf,GS-B-328-SM
/home/ssg29/results/SLX-ILM-Plasma2021.Homo_sapiens.v1/Salmon/POPS-2022.GRCh38.88/GS-B-329-SP/quant.sf,GS-B-329-SP
/home/ssg29/results/SLX-ILM-Plasma2021.Homo_sapiens.v1/Salmon/POPS-2022.GRCh38.88/GS-B-32-BQ/quant.sf,GS-B-32-BQ
/home/ssg29/results/SLX-ILM-Plasma2021.Homo_sapiens.v1/Salmon/POPS-2022.GRCh38.88/GS-B-330-SQ/quant.sf,GS-B-330-SQ
/home/ssg29/results/SLX-ILM-Plasma2021.Homo_sapiens.v1/Salmon/POPS-2022.GRCh38.88/GS-B-331-SS/quant.sf,GS-B-331-SS
/home/ssg29/results/SLX-ILM-Plasma2021.Homo_sapiens.v1/Salmon/POPS-2022.GRCh38.88/GS-B-332-ST/quant.sf,GS-B-332-ST
/home/ssg29/results/SLX-ILM-Plasma2021.Homo_sapiens.v1/Salmon/POPS-2022.GRCh38.88/GS-B-333-SV/quant.sf,GS-B-333-SV
/home/ssg29/results/SLX-ILM-Plasma2021.Homo_sapiens.v1/Salmon/POPS-2022.GRCh38.88/GS-B-334-SW/quant.sf,GS-B-334-SW
/home/ssg29/results/SLX-ILM-Plasma2021.Homo_sapiens.v1/Salmon/POPS-2022.GRCh38.88/GS-B-335-SX/quant.sf,GS-B-335-SX
/home/ssg29/results/SLX-ILM-Plasma2021.Homo_sapiens.v1/Salmon/POPS-2022.GRCh38.88/GS-B-336-SY/quant.sf,GS-B-336-SY
/home/ssg29/results/SLX-ILM-Plasma2021.Homo_sapiens.v1/Salmon/POPS-2022.GRCh38.88/GS-B-337-SZ/quant.sf,GS-B-337-SZ
/home/ssg29/results/SLX-ILM-Plasma2021.Homo_sapiens.v1/Salmon/POPS-2022.GRCh38.88/GS-B-338-TA/quant.sf,GS-B-338-TA
/home/ssg29/results/SLX-ILM-Plasma2021.Homo_sapiens.v1/Salmon/POPS-2022.GRCh38.88/GS-B-339-TB/quant.sf,GS-B-339-TB
/home/ssg29/results/SLX-ILM-Plasma2021.Homo_sapiens.v1/Salmon/POPS-2022.GRCh38.88/GS-B-33-BS/quant.sf,GS-B-33-BS
/home/ssg29/results/SLX-ILM-Plasma2021.Homo_sapiens.v1/Salmon/POPS-2022.GRCh38.88/GS-B-340-TC/quant.sf,GS-B-340-TC
/home/ssg29/results/SLX-ILM-Plasma2021.Homo_sapiens.v1/Salmon/POPS-2022.GRCh38.88/GS-B-341-TD/quant.sf,GS-B-341-TD
/home/ssg29/results/SLX-ILM-Plasma2021.Homo_sapiens.v1/Salmon/POPS-2022.GRCh38.88/GS-B-342-TE/quant.sf,GS-B-342-TE
/home/ssg29/results/SLX-ILM-Plasma2021.Homo_sapiens.v1/Salmon/POPS-2022.GRCh38.88/GS-B-343-TF/quant.sf,GS-B-343-TF
/home/ssg29/results/SLX-ILM-Plasma2021.Homo_sapiens.v1/Salmon/POPS-2022.GRCh38.88/GS-B-344-TG/quant.sf,GS-B-344-TG
/home/ssg29/results/SLX-ILM-Plasma2021.Homo_sapiens.v1/Salmon/POPS-2022.GRCh38.88/GS-B-345-TH/quant.sf,GS-B-345-TH
/home/ssg29/results/SLX-ILM-Plasma2021.Homo_sapiens.v1/Salmon/POPS-2022.GRCh38.88/GS-B-346-TJ/quant.sf,GS-B-346-TJ
/home/ssg29/results/SLX-ILM-Plasma2021.Homo_sapiens.v1/Salmon/POPS-2022.GRCh38.88/GS-B-347-TK/quant.sf,GS-B-347-TK
/home/ssg29/results/SLX-ILM-Plasma2021.Homo_sapiens.v1/Salmon/POPS-2022.GRCh38.88/GS-B-348-TM/quant.sf,GS-B-348-TM
/home/ssg29/results/SLX-ILM-Plasma2021.Homo_sapiens.v1/Salmon/POPS-2022.GRCh38.88/GS-B-349-TP/quant.sf,GS-B-349-TP
/home/ssg29/results/SLX-ILM-Plasma2021.Homo_sapiens.v1/Salmon/POPS-2022.GRCh38.88/GS-B-34-BT/quant.sf,GS-B-34-BT
/home/ssg29/results/SLX-ILM-Plasma2021.Homo_sapiens.v1/Salmon/POPS-2022.GRCh38.88/GS-B-350-TQ/quant.sf,GS-B-350-TQ
/home/ssg29/results/SLX-ILM-Plasma2021.Homo_sapiens.v1/Salmon/POPS-2022.GRCh38.88/GS-B-351-TS/quant.sf,GS-B-351-TS
/home/ssg29/results/SLX-ILM-Plasma2021.Homo_sapiens.v1/Salmon/POPS-2022.GRCh38.88/GS-B-352-TT/quant.sf,GS-B-352-TT
/home/ssg29/results/SLX-ILM-Plasma2021.Homo_sapiens.v1/Salmon/POPS-2022.GRCh38.88/GS-B-353-TV/quant.sf,GS-B-353-TV
/home/ssg29/results/SLX-ILM-Plasma2021.Homo_sapiens.v1/Salmon/POPS-2022.GRCh38.88/GS-B-354-TW/quant.sf,GS-B-354-TW
/home/ssg29/results/SLX-ILM-Plasma2021.Homo_sapiens.v1/Salmon/POPS-2022.GRCh38.88/GS-B-355-TX/quant.sf,GS-B-355-TX
/home/ssg29/results/SLX-ILM-Plasma2021.Homo_sapiens.v1/Salmon/POPS-2022.GRCh38.88/GS-B-356-TY/quant.sf,GS-B-356-TY
/home/ssg29/results/SLX-ILM-Plasma2021.Homo_sapiens.v1/Salmon/POPS-2022.GRCh38.88/GS-B-357-TZ/quant.sf,GS-B-357-TZ
/home/ssg29/results/SLX-ILM-Plasma2021.Homo_sapiens.v1/Salmon/POPS-2022.GRCh38.88/GS-B-358-UA/quant.sf,GS-B-358-UA
/home/ssg29/results/SLX-ILM-Plasma2021.Homo_sapiens.v1/Salmon/POPS-2022.GRCh38.88/GS-B-359-UB/quant.sf,GS-B-359-UB
/home/ssg29/results/SLX-ILM-Plasma2021.Homo_sapiens.v1/Salmon/POPS-2022.GRCh38.88/GS-B-35-BV/quant.sf,GS-B-35-BV
/home/ssg29/results/SLX-ILM-Plasma2021.Homo_sapiens.v1/Salmon/POPS-2022.GRCh38.88/GS-B-360-UC/quant.sf,GS-B-360-UC
/home/ssg29/results/SLX-ILM-Plasma2021.Homo_sapiens.v1/Salmon/POPS-2022.GRCh38.88/GS-B-361-UD/quant.sf,GS-B-361-UD
/home/ssg29/results/SLX-ILM-Plasma2021.Homo_sapiens.v1/Salmon/POPS-2022.GRCh38.88/GS-B-362-UE/quant.sf,GS-B-362-UE
/home/ssg29/results/SLX-ILM-Plasma2021.Homo_sapiens.v1/Salmon/POPS-2022.GRCh38.88/GS-B-363-UF/quant.sf,GS-B-363-UF
/home/ssg29/results/SLX-ILM-Plasma2021.Homo_sapiens.v1/Salmon/POPS-2022.GRCh38.88/GS-B-364-UG/quant.sf,GS-B-364-UG
/home/ssg29/results/SLX-ILM-Plasma2021.Homo_sapiens.v1/Salmon/POPS-2022.GRCh38.88/GS-B-365-UH/quant.sf,GS-B-365-UH
/home/ssg29/results/SLX-ILM-Plasma2021.Homo_sapiens.v1/Salmon/POPS-2022.GRCh38.88/GS-B-366-UJ/quant.sf,GS-B-366-UJ
/home/ssg29/results/SLX-ILM-Plasma2021.Homo_sapiens.v1/Salmon/POPS-2022.GRCh38.88/GS-B-367-UK/quant.sf,GS-B-367-UK
/home/ssg29/results/SLX-ILM-Plasma2021.Homo_sapiens.v1/Salmon/POPS-2022.GRCh38.88/GS-B-368-UM/quant.sf,GS-B-368-UM
/home/ssg29/results/SLX-ILM-Plasma2021.Homo_sapiens.v1/Salmon/POPS-2022.GRCh38.88/GS-B-369-UP/quant.sf,GS-B-369-UP
/home/ssg29/results/SLX-ILM-Plasma2021.Homo_sapiens.v1/Salmon/POPS-2022.GRCh38.88/GS-B-36-BW/quant.sf,GS-B-36-BW
/home/ssg29/results/SLX-ILM-Plasma2021.Homo_sapiens.v1/Salmon/POPS-2022.GRCh38.88/GS-B-370-UQ/quant.sf,GS-B-370-UQ
/home/ssg29/results/SLX-ILM-Plasma2021.Homo_sapiens.v1/Salmon/POPS-2022.GRCh38.88/GS-B-371-US/quant.sf,GS-B-371-US
/home/ssg29/results/SLX-ILM-Plasma2021.Homo_sapiens.v1/Salmon/POPS-2022.GRCh38.88/GS-B-372-UT/quant.sf,GS-B-372-UT
/home/ssg29/results/SLX-ILM-Plasma2021.Homo_sapiens.v1/Salmon/POPS-2022.GRCh38.88/GS-B-373-UV/quant.sf,GS-B-373-UV
/home/ssg29/results/SLX-ILM-Plasma2021.Homo_sapiens.v1/Salmon/POPS-2022.GRCh38.88/GS-B-374-UW-b/quant.sf,GS-B-374-UW-b
/home/ssg29/results/SLX-ILM-Plasma2021.Homo_sapiens.v1/Salmon/POPS-2022.GRCh38.88/GS-B-374-UW/quant.sf,GS-B-374-UW
/home/ssg29/results/SLX-ILM-Plasma2021.Homo_sapiens.v1/Salmon/POPS-2022.GRCh38.88/GS-B-375-UX/quant.sf,GS-B-375-UX
/home/ssg29/results/SLX-ILM-Plasma2021.Homo_sapiens.v1/Salmon/POPS-2022.GRCh38.88/GS-B-376-UY/quant.sf,GS-B-376-UY
/home/ssg29/results/SLX-ILM-Plasma2021.Homo_sapiens.v1/Salmon/POPS-2022.GRCh38.88/GS-B-377-UZ/quant.sf,GS-B-377-UZ
/home/ssg29/results/SLX-ILM-Plasma2021.Homo_sapiens.v1/Salmon/POPS-2022.GRCh38.88/GS-B-378-VA/quant.sf,GS-B-378-VA
/home/ssg29/results/SLX-ILM-Plasma2021.Homo_sapiens.v1/Salmon/POPS-2022.GRCh38.88/GS-B-379-VB/quant.sf,GS-B-379-VB
/home/ssg29/results/SLX-ILM-Plasma2021.Homo_sapiens.v1/Salmon/POPS-2022.GRCh38.88/GS-B-37-BX/quant.sf,GS-B-37-BX
/home/ssg29/results/SLX-ILM-Plasma2021.Homo_sapiens.v1/Salmon/POPS-2022.GRCh38.88/GS-B-380-VC/quant.sf,GS-B-380-VC
/home/ssg29/results/SLX-ILM-Plasma2021.Homo_sapiens.v1/Salmon/POPS-2022.GRCh38.88/GS-B-381-VD/quant.sf,GS-B-381-VD
/home/ssg29/results/SLX-ILM-Plasma2021.Homo_sapiens.v1/Salmon/POPS-2022.GRCh38.88/GS-B-382-VE/quant.sf,GS-B-382-VE
/home/ssg29/results/SLX-ILM-Plasma2021.Homo_sapiens.v1/Salmon/POPS-2022.GRCh38.88/GS-B-383-VF/quant.sf,GS-B-383-VF
/home/ssg29/results/SLX-ILM-Plasma2021.Homo_sapiens.v1/Salmon/POPS-2022.GRCh38.88/GS-B-384-VG/quant.sf,GS-B-384-VG
/home/ssg29/results/SLX-ILM-Plasma2021.Homo_sapiens.v1/Salmon/POPS-2022.GRCh38.88/GS-B-385-VH/quant.sf,GS-B-385-VH
/home/ssg29/results/SLX-ILM-Plasma2021.Homo_sapiens.v1/Salmon/POPS-2022.GRCh38.88/GS-B-386-VJ/quant.sf,GS-B-386-VJ
/home/ssg29/results/SLX-ILM-Plasma2021.Homo_sapiens.v1/Salmon/POPS-2022.GRCh38.88/GS-B-387-VK/quant.sf,GS-B-387-VK
/home/ssg29/results/SLX-ILM-Plasma2021.Homo_sapiens.v1/Salmon/POPS-2022.GRCh38.88/GS-B-388-VM/quant.sf,GS-B-388-VM
/home/ssg29/results/SLX-ILM-Plasma2021.Homo_sapiens.v1/Salmon/POPS-2022.GRCh38.88/GS-B-389-VP/quant.sf,GS-B-389-VP
/home/ssg29/results/SLX-ILM-Plasma2021.Homo_sapiens.v1/Salmon/POPS-2022.GRCh38.88/GS-B-38-BY/quant.sf,GS-B-38-BY
/home/ssg29/results/SLX-ILM-Plasma2021.Homo_sapiens.v1/Salmon/POPS-2022.GRCh38.88/GS-B-390-VQ/quant.sf,GS-B-390-VQ
/home/ssg29/results/SLX-ILM-Plasma2021.Homo_sapiens.v1/Salmon/POPS-2022.GRCh38.88/GS-B-391-VS/quant.sf,GS-B-391-VS
/home/ssg29/results/SLX-ILM-Plasma2021.Homo_sapiens.v1/Salmon/POPS-2022.GRCh38.88/GS-B-392-VT/quant.sf,GS-B-392-VT
/home/ssg29/results/SLX-ILM-Plasma2021.Homo_sapiens.v1/Salmon/POPS-2022.GRCh38.88/GS-B-393-VV/quant.sf,GS-B-393-VV
/home/ssg29/results/SLX-ILM-Plasma2021.Homo_sapiens.v1/Salmon/POPS-2022.GRCh38.88/GS-B-394-VW/quant.sf,GS-B-394-VW
/home/ssg29/results/SLX-ILM-Plasma2021.Homo_sapiens.v1/Salmon/POPS-2022.GRCh38.88/GS-B-395-VX/quant.sf,GS-B-395-VX
/home/ssg29/results/SLX-ILM-Plasma2021.Homo_sapiens.v1/Salmon/POPS-2022.GRCh38.88/GS-B-396-VY/quant.sf,GS-B-396-VY
/home/ssg29/results/SLX-ILM-Plasma2021.Homo_sapiens.v1/Salmon/POPS-2022.GRCh38.88/GS-B-397-VZ/quant.sf,GS-B-397-VZ
/home/ssg29/results/SLX-ILM-Plasma2021.Homo_sapiens.v1/Salmon/POPS-2022.GRCh38.88/GS-B-398-WA/quant.sf,GS-B-398-WA
/home/ssg29/results/SLX-ILM-Plasma2021.Homo_sapiens.v1/Salmon/POPS-2022.GRCh38.88/GS-B-399-WB/quant.sf,GS-B-399-WB
/home/ssg29/results/SLX-ILM-Plasma2021.Homo_sapiens.v1/Salmon/POPS-2022.GRCh38.88/GS-B-39-BZ/quant.sf,GS-B-39-BZ
/home/ssg29/results/SLX-ILM-Plasma2021.Homo_sapiens.v1/Salmon/POPS-2022.GRCh38.88/GS-B-3-AC/quant.sf,GS-B-3-AC
/home/ssg29/results/SLX-ILM-Plasma2021.Homo_sapiens.v1/Salmon/POPS-2022.GRCh38.88/GS-B-400-WC/quant.sf,GS-B-400-WC
/home/ssg29/results/SLX-ILM-Plasma2021.Homo_sapiens.v1/Salmon/POPS-2022.GRCh38.88/GS-B-401-WD/quant.sf,GS-B-401-WD
/home/ssg29/results/SLX-ILM-Plasma2021.Homo_sapiens.v1/Salmon/POPS-2022.GRCh38.88/GS-B-402-WE/quant.sf,GS-B-402-WE
/home/ssg29/results/SLX-ILM-Plasma2021.Homo_sapiens.v1/Salmon/POPS-2022.GRCh38.88/GS-B-403-WF/quant.sf,GS-B-403-WF
/home/ssg29/results/SLX-ILM-Plasma2021.Homo_sapiens.v1/Salmon/POPS-2022.GRCh38.88/GS-B-404-WG/quant.sf,GS-B-404-WG
/home/ssg29/results/SLX-ILM-Plasma2021.Homo_sapiens.v1/Salmon/POPS-2022.GRCh38.88/GS-B-405-WH/quant.sf,GS-B-405-WH
/home/ssg29/results/SLX-ILM-Plasma2021.Homo_sapiens.v1/Salmon/POPS-2022.GRCh38.88/GS-B-406-WJ/quant.sf,GS-B-406-WJ
/home/ssg29/results/SLX-ILM-Plasma2021.Homo_sapiens.v1/Salmon/POPS-2022.GRCh38.88/GS-B-407-WK/quant.sf,GS-B-407-WK
/home/ssg29/results/SLX-ILM-Plasma2021.Homo_sapiens.v1/Salmon/POPS-2022.GRCh38.88/GS-B-408-WM/quant.sf,GS-B-408-WM
/home/ssg29/results/SLX-ILM-Plasma2021.Homo_sapiens.v1/Salmon/POPS-2022.GRCh38.88/GS-B-409-WP/quant.sf,GS-B-409-WP
/home/ssg29/results/SLX-ILM-Plasma2021.Homo_sapiens.v1/Salmon/POPS-2022.GRCh38.88/GS-B-40-CA/quant.sf,GS-B-40-CA
/home/ssg29/results/SLX-ILM-Plasma2021.Homo_sapiens.v1/Salmon/POPS-2022.GRCh38.88/GS-B-410-WQ/quant.sf,GS-B-410-WQ
/home/ssg29/results/SLX-ILM-Plasma2021.Homo_sapiens.v1/Salmon/POPS-2022.GRCh38.88/GS-B-411-WS/quant.sf,GS-B-411-WS
/home/ssg29/results/SLX-ILM-Plasma2021.Homo_sapiens.v1/Salmon/POPS-2022.GRCh38.88/GS-B-412-WT/quant.sf,GS-B-412-WT
/home/ssg29/results/SLX-ILM-Plasma2021.Homo_sapiens.v1/Salmon/POPS-2022.GRCh38.88/GS-B-413-WV/quant.sf,GS-B-413-WV
/home/ssg29/results/SLX-ILM-Plasma2021.Homo_sapiens.v1/Salmon/POPS-2022.GRCh38.88/GS-B-414-WW/quant.sf,GS-B-414-WW
/home/ssg29/results/SLX-ILM-Plasma2021.Homo_sapiens.v1/Salmon/POPS-2022.GRCh38.88/GS-B-415-WX/quant.sf,GS-B-415-WX
/home/ssg29/results/SLX-ILM-Plasma2021.Homo_sapiens.v1/Salmon/POPS-2022.GRCh38.88/GS-B-416-WY/quant.sf,GS-B-416-WY
/home/ssg29/results/SLX-ILM-Plasma2021.Homo_sapiens.v1/Salmon/POPS-2022.GRCh38.88/GS-B-417-WZ/quant.sf,GS-B-417-WZ
/home/ssg29/results/SLX-ILM-Plasma2021.Homo_sapiens.v1/Salmon/POPS-2022.GRCh38.88/GS-B-418-XA/quant.sf,GS-B-418-XA
/home/ssg29/results/SLX-ILM-Plasma2021.Homo_sapiens.v1/Salmon/POPS-2022.GRCh38.88/GS-B-419-XB/quant.sf,GS-B-419-XB
/home/ssg29/results/SLX-ILM-Plasma2021.Homo_sapiens.v1/Salmon/POPS-2022.GRCh38.88/GS-B-41-CB/quant.sf,GS-B-41-CB
/home/ssg29/results/SLX-ILM-Plasma2021.Homo_sapiens.v1/Salmon/POPS-2022.GRCh38.88/GS-B-420-XC/quant.sf,GS-B-420-XC
/home/ssg29/results/SLX-ILM-Plasma2021.Homo_sapiens.v1/Salmon/POPS-2022.GRCh38.88/GS-B-421-XE/quant.sf,GS-B-421-XE
/home/ssg29/results/SLX-ILM-Plasma2021.Homo_sapiens.v1/Salmon/POPS-2022.GRCh38.88/GS-B-422-XF/quant.sf,GS-B-422-XF
/home/ssg29/results/SLX-ILM-Plasma2021.Homo_sapiens.v1/Salmon/POPS-2022.GRCh38.88/GS-B-423-XG/quant.sf,GS-B-423-XG
/home/ssg29/results/SLX-ILM-Plasma2021.Homo_sapiens.v1/Salmon/POPS-2022.GRCh38.88/GS-B-424-XJ/quant.sf,GS-B-424-XJ
/home/ssg29/results/SLX-ILM-Plasma2021.Homo_sapiens.v1/Salmon/POPS-2022.GRCh38.88/GS-B-425-XK/quant.sf,GS-B-425-XK
/home/ssg29/results/SLX-ILM-Plasma2021.Homo_sapiens.v1/Salmon/POPS-2022.GRCh38.88/GS-B-426-XM/quant.sf,GS-B-426-XM
/home/ssg29/results/SLX-ILM-Plasma2021.Homo_sapiens.v1/Salmon/POPS-2022.GRCh38.88/GS-B-427-XP/quant.sf,GS-B-427-XP
/home/ssg29/results/SLX-ILM-Plasma2021.Homo_sapiens.v1/Salmon/POPS-2022.GRCh38.88/GS-B-428-XQ/quant.sf,GS-B-428-XQ
/home/ssg29/results/SLX-ILM-Plasma2021.Homo_sapiens.v1/Salmon/POPS-2022.GRCh38.88/GS-B-429-XS/quant.sf,GS-B-429-XS
/home/ssg29/results/SLX-ILM-Plasma2021.Homo_sapiens.v1/Salmon/POPS-2022.GRCh38.88/GS-B-42-CC/quant.sf,GS-B-42-CC
/home/ssg29/results/SLX-ILM-Plasma2021.Homo_sapiens.v1/Salmon/POPS-2022.GRCh38.88/GS-B-430-XT/quant.sf,GS-B-430-XT
/home/ssg29/results/SLX-ILM-Plasma2021.Homo_sapiens.v1/Salmon/POPS-2022.GRCh38.88/GS-B-431-XV/quant.sf,GS-B-431-XV
/home/ssg29/results/SLX-ILM-Plasma2021.Homo_sapiens.v1/Salmon/POPS-2022.GRCh38.88/GS-B-432-XW/quant.sf,GS-B-432-XW
/home/ssg29/results/SLX-ILM-Plasma2021.Homo_sapiens.v1/Salmon/POPS-2022.GRCh38.88/GS-B-433-XX/quant.sf,GS-B-433-XX
/home/ssg29/results/SLX-ILM-Plasma2021.Homo_sapiens.v1/Salmon/POPS-2022.GRCh38.88/GS-B-434-XY/quant.sf,GS-B-434-XY
/home/ssg29/results/SLX-ILM-Plasma2021.Homo_sapiens.v1/Salmon/POPS-2022.GRCh38.88/GS-B-435-XZ/quant.sf,GS-B-435-XZ
/home/ssg29/results/SLX-ILM-Plasma2021.Homo_sapiens.v1/Salmon/POPS-2022.GRCh38.88/GS-B-436-YA/quant.sf,GS-B-436-YA
/home/ssg29/results/SLX-ILM-Plasma2021.Homo_sapiens.v1/Salmon/POPS-2022.GRCh38.88/GS-B-437-YB/quant.sf,GS-B-437-YB
/home/ssg29/results/SLX-ILM-Plasma2021.Homo_sapiens.v1/Salmon/POPS-2022.GRCh38.88/GS-B-438-YC/quant.sf,GS-B-438-YC
/home/ssg29/results/SLX-ILM-Plasma2021.Homo_sapiens.v1/Salmon/POPS-2022.GRCh38.88/GS-B-439-YD/quant.sf,GS-B-439-YD
/home/ssg29/results/SLX-ILM-Plasma2021.Homo_sapiens.v1/Salmon/POPS-2022.GRCh38.88/GS-B-43-CD/quant.sf,GS-B-43-CD
/home/ssg29/results/SLX-ILM-Plasma2021.Homo_sapiens.v1/Salmon/POPS-2022.GRCh38.88/GS-B-440-YE/quant.sf,GS-B-440-YE
/home/ssg29/results/SLX-ILM-Plasma2021.Homo_sapiens.v1/Salmon/POPS-2022.GRCh38.88/GS-B-441-YF/quant.sf,GS-B-441-YF
/home/ssg29/results/SLX-ILM-Plasma2021.Homo_sapiens.v1/Salmon/POPS-2022.GRCh38.88/GS-B-442-YG/quant.sf,GS-B-442-YG
/home/ssg29/results/SLX-ILM-Plasma2021.Homo_sapiens.v1/Salmon/POPS-2022.GRCh38.88/GS-B-443-YH/quant.sf,GS-B-443-YH
/home/ssg29/results/SLX-ILM-Plasma2021.Homo_sapiens.v1/Salmon/POPS-2022.GRCh38.88/GS-B-444-YJ/quant.sf,GS-B-444-YJ
/home/ssg29/results/SLX-ILM-Plasma2021.Homo_sapiens.v1/Salmon/POPS-2022.GRCh38.88/GS-B-445-YK/quant.sf,GS-B-445-YK
/home/ssg29/results/SLX-ILM-Plasma2021.Homo_sapiens.v1/Salmon/POPS-2022.GRCh38.88/GS-B-446-YM/quant.sf,GS-B-446-YM
/home/ssg29/results/SLX-ILM-Plasma2021.Homo_sapiens.v1/Salmon/POPS-2022.GRCh38.88/GS-B-447-YP/quant.sf,GS-B-447-YP
/home/ssg29/results/SLX-ILM-Plasma2021.Homo_sapiens.v1/Salmon/POPS-2022.GRCh38.88/GS-B-448-YQ/quant.sf,GS-B-448-YQ
/home/ssg29/results/SLX-ILM-Plasma2021.Homo_sapiens.v1/Salmon/POPS-2022.GRCh38.88/GS-B-449-YS/quant.sf,GS-B-449-YS
/home/ssg29/results/SLX-ILM-Plasma2021.Homo_sapiens.v1/Salmon/POPS-2022.GRCh38.88/GS-B-44-CE/quant.sf,GS-B-44-CE
/home/ssg29/results/SLX-ILM-Plasma2021.Homo_sapiens.v1/Salmon/POPS-2022.GRCh38.88/GS-B-450-YT/quant.sf,GS-B-450-YT
/home/ssg29/results/SLX-ILM-Plasma2021.Homo_sapiens.v1/Salmon/POPS-2022.GRCh38.88/GS-B-451-YV/quant.sf,GS-B-451-YV
/home/ssg29/results/SLX-ILM-Plasma2021.Homo_sapiens.v1/Salmon/POPS-2022.GRCh38.88/GS-B-452-YW/quant.sf,GS-B-452-YW
/home/ssg29/results/SLX-ILM-Plasma2021.Homo_sapiens.v1/Salmon/POPS-2022.GRCh38.88/GS-B-453-YX/quant.sf,GS-B-453-YX
/home/ssg29/results/SLX-ILM-Plasma2021.Homo_sapiens.v1/Salmon/POPS-2022.GRCh38.88/GS-B-454-YY/quant.sf,GS-B-454-YY
/home/ssg29/results/SLX-ILM-Plasma2021.Homo_sapiens.v1/Salmon/POPS-2022.GRCh38.88/GS-B-455-YZ/quant.sf,GS-B-455-YZ
/home/ssg29/results/SLX-ILM-Plasma2021.Homo_sapiens.v1/Salmon/POPS-2022.GRCh38.88/GS-B-456-ZA/quant.sf,GS-B-456-ZA
/home/ssg29/results/SLX-ILM-Plasma2021.Homo_sapiens.v1/Salmon/POPS-2022.GRCh38.88/GS-B-457-ZB/quant.sf,GS-B-457-ZB
/home/ssg29/results/SLX-ILM-Plasma2021.Homo_sapiens.v1/Salmon/POPS-2022.GRCh38.88/GS-B-458-ZC/quant.sf,GS-B-458-ZC
/home/ssg29/results/SLX-ILM-Plasma2021.Homo_sapiens.v1/Salmon/POPS-2022.GRCh38.88/GS-B-459-ZD/quant.sf,GS-B-459-ZD
/home/ssg29/results/SLX-ILM-Plasma2021.Homo_sapiens.v1/Salmon/POPS-2022.GRCh38.88/GS-B-45-CF/quant.sf,GS-B-45-CF
/home/ssg29/results/SLX-ILM-Plasma2021.Homo_sapiens.v1/Salmon/POPS-2022.GRCh38.88/GS-B-460-ZE/quant.sf,GS-B-460-ZE
/home/ssg29/results/SLX-ILM-Plasma2021.Homo_sapiens.v1/Salmon/POPS-2022.GRCh38.88/GS-B-461-ZF/quant.sf,GS-B-461-ZF
/home/ssg29/results/SLX-ILM-Plasma2021.Homo_sapiens.v1/Salmon/POPS-2022.GRCh38.88/GS-B-462-ZG/quant.sf,GS-B-462-ZG
/home/ssg29/results/SLX-ILM-Plasma2021.Homo_sapiens.v1/Salmon/POPS-2022.GRCh38.88/GS-B-463-ZH/quant.sf,GS-B-463-ZH
/home/ssg29/results/SLX-ILM-Plasma2021.Homo_sapiens.v1/Salmon/POPS-2022.GRCh38.88/GS-B-464-ZJ/quant.sf,GS-B-464-ZJ
/home/ssg29/results/SLX-ILM-Plasma2021.Homo_sapiens.v1/Salmon/POPS-2022.GRCh38.88/GS-B-465-ZK/quant.sf,GS-B-465-ZK
/home/ssg29/results/SLX-ILM-Plasma2021.Homo_sapiens.v1/Salmon/POPS-2022.GRCh38.88/GS-B-466-ZM/quant.sf,GS-B-466-ZM
/home/ssg29/results/SLX-ILM-Plasma2021.Homo_sapiens.v1/Salmon/POPS-2022.GRCh38.88/GS-B-467-ZP/quant.sf,GS-B-467-ZP
/home/ssg29/results/SLX-ILM-Plasma2021.Homo_sapiens.v1/Salmon/POPS-2022.GRCh38.88/GS-B-468-ZQ/quant.sf,GS-B-468-ZQ
/home/ssg29/results/SLX-ILM-Plasma2021.Homo_sapiens.v1/Salmon/POPS-2022.GRCh38.88/GS-B-469-ZS/quant.sf,GS-B-469-ZS
/home/ssg29/results/SLX-ILM-Plasma2021.Homo_sapiens.v1/Salmon/POPS-2022.GRCh38.88/GS-B-46-CG/quant.sf,GS-B-46-CG
/home/ssg29/results/SLX-ILM-Plasma2021.Homo_sapiens.v1/Salmon/POPS-2022.GRCh38.88/GS-B-470-ZT/quant.sf,GS-B-470-ZT
/home/ssg29/results/SLX-ILM-Plasma2021.Homo_sapiens.v1/Salmon/POPS-2022.GRCh38.88/GS-B-471-ZV/quant.sf,GS-B-471-ZV
/home/ssg29/results/SLX-ILM-Plasma2021.Homo_sapiens.v1/Salmon/POPS-2022.GRCh38.88/GS-B-472-ZW/quant.sf,GS-B-472-ZW
/home/ssg29/results/SLX-ILM-Plasma2021.Homo_sapiens.v1/Salmon/POPS-2022.GRCh38.88/GS-B-473-ZX/quant.sf,GS-B-473-ZX
/home/ssg29/results/SLX-ILM-Plasma2021.Homo_sapiens.v1/Salmon/POPS-2022.GRCh38.88/GS-B-474-ZY/quant.sf,GS-B-474-ZY
/home/ssg29/results/SLX-ILM-Plasma2021.Homo_sapiens.v1/Salmon/POPS-2022.GRCh38.88/GS-B-475-ZZ/quant.sf,GS-B-475-ZZ
/home/ssg29/results/SLX-ILM-Plasma2021.Homo_sapiens.v1/Salmon/POPS-2022.GRCh38.88/GS-B-47-CH/quant.sf,GS-B-47-CH
/home/ssg29/results/SLX-ILM-Plasma2021.Homo_sapiens.v1/Salmon/POPS-2022.GRCh38.88/GS-B-48-CJ/quant.sf,GS-B-48-CJ
/home/ssg29/results/SLX-ILM-Plasma2021.Homo_sapiens.v1/Salmon/POPS-2022.GRCh38.88/GS-B-49-CK/quant.sf,GS-B-49-CK
/home/ssg29/results/SLX-ILM-Plasma2021.Homo_sapiens.v1/Salmon/POPS-2022.GRCh38.88/GS-B-4-AD/quant.sf,GS-B-4-AD
/home/ssg29/results/SLX-ILM-Plasma2021.Homo_sapiens.v1/Salmon/POPS-2022.GRCh38.88/GS-B-50-CM/quant.sf,GS-B-50-CM
/home/ssg29/results/SLX-ILM-Plasma2021.Homo_sapiens.v1/Salmon/POPS-2022.GRCh38.88/GS-B-51-CP/quant.sf,GS-B-51-CP
/home/ssg29/results/SLX-ILM-Plasma2021.Homo_sapiens.v1/Salmon/POPS-2022.GRCh38.88/GS-B-52-CQ/quant.sf,GS-B-52-CQ
/home/ssg29/results/SLX-ILM-Plasma2021.Homo_sapiens.v1/Salmon/POPS-2022.GRCh38.88/GS-B-53-CS/quant.sf,GS-B-53-CS
/home/ssg29/results/SLX-ILM-Plasma2021.Homo_sapiens.v1/Salmon/POPS-2022.GRCh38.88/GS-B-54-CT/quant.sf,GS-B-54-CT
/home/ssg29/results/SLX-ILM-Plasma2021.Homo_sapiens.v1/Salmon/POPS-2022.GRCh38.88/GS-B-55-CV/quant.sf,GS-B-55-CV
/home/ssg29/results/SLX-ILM-Plasma2021.Homo_sapiens.v1/Salmon/POPS-2022.GRCh38.88/GS-B-56-CW/quant.sf,GS-B-56-CW
/home/ssg29/results/SLX-ILM-Plasma2021.Homo_sapiens.v1/Salmon/POPS-2022.GRCh38.88/GS-B-57-CX/quant.sf,GS-B-57-CX
/home/ssg29/results/SLX-ILM-Plasma2021.Homo_sapiens.v1/Salmon/POPS-2022.GRCh38.88/GS-B-58-CY/quant.sf,GS-B-58-CY
/home/ssg29/results/SLX-ILM-Plasma2021.Homo_sapiens.v1/Salmon/POPS-2022.GRCh38.88/GS-B-59-CZ/quant.sf,GS-B-59-CZ
/home/ssg29/results/SLX-ILM-Plasma2021.Homo_sapiens.v1/Salmon/POPS-2022.GRCh38.88/GS-B-5-AE/quant.sf,GS-B-5-AE
/home/ssg29/results/SLX-ILM-Plasma2021.Homo_sapiens.v1/Salmon/POPS-2022.GRCh38.88/GS-B-60-DA/quant.sf,GS-B-60-DA
/home/ssg29/results/SLX-ILM-Plasma2021.Homo_sapiens.v1/Salmon/POPS-2022.GRCh38.88/GS-B-61-DB/quant.sf,GS-B-61-DB
/home/ssg29/results/SLX-ILM-Plasma2021.Homo_sapiens.v1/Salmon/POPS-2022.GRCh38.88/GS-B-62-DC/quant.sf,GS-B-62-DC
/home/ssg29/results/SLX-ILM-Plasma2021.Homo_sapiens.v1/Salmon/POPS-2022.GRCh38.88/GS-B-63-DD/quant.sf,GS-B-63-DD
/home/ssg29/results/SLX-ILM-Plasma2021.Homo_sapiens.v1/Salmon/POPS-2022.GRCh38.88/GS-B-64-DE/quant.sf,GS-B-64-DE
/home/ssg29/results/SLX-ILM-Plasma2021.Homo_sapiens.v1/Salmon/POPS-2022.GRCh38.88/GS-B-65-DF/quant.sf,GS-B-65-DF
/home/ssg29/results/SLX-ILM-Plasma2021.Homo_sapiens.v1/Salmon/POPS-2022.GRCh38.88/GS-B-66-DG/quant.sf,GS-B-66-DG
/home/ssg29/results/SLX-ILM-Plasma2021.Homo_sapiens.v1/Salmon/POPS-2022.GRCh38.88/GS-B-67-DH/quant.sf,GS-B-67-DH
/home/ssg29/results/SLX-ILM-Plasma2021.Homo_sapiens.v1/Salmon/POPS-2022.GRCh38.88/GS-B-68-DJ/quant.sf,GS-B-68-DJ
/home/ssg29/results/SLX-ILM-Plasma2021.Homo_sapiens.v1/Salmon/POPS-2022.GRCh38.88/GS-B-69-DM/quant.sf,GS-B-69-DM
/home/ssg29/results/SLX-ILM-Plasma2021.Homo_sapiens.v1/Salmon/POPS-2022.GRCh38.88/GS-B-6-AF/quant.sf,GS-B-6-AF
/home/ssg29/results/SLX-ILM-Plasma2021.Homo_sapiens.v1/Salmon/POPS-2022.GRCh38.88/GS-B-70-DP/quant.sf,GS-B-70-DP
/home/ssg29/results/SLX-ILM-Plasma2021.Homo_sapiens.v1/Salmon/POPS-2022.GRCh38.88/GS-B-71-DQ/quant.sf,GS-B-71-DQ
/home/ssg29/results/SLX-ILM-Plasma2021.Homo_sapiens.v1/Salmon/POPS-2022.GRCh38.88/GS-B-72-DS/quant.sf,GS-B-72-DS
/home/ssg29/results/SLX-ILM-Plasma2021.Homo_sapiens.v1/Salmon/POPS-2022.GRCh38.88/GS-B-73-DT/quant.sf,GS-B-73-DT
/home/ssg29/results/SLX-ILM-Plasma2021.Homo_sapiens.v1/Salmon/POPS-2022.GRCh38.88/GS-B-74-DV/quant.sf,GS-B-74-DV
/home/ssg29/results/SLX-ILM-Plasma2021.Homo_sapiens.v1/Salmon/POPS-2022.GRCh38.88/GS-B-75-DW/quant.sf,GS-B-75-DW
/home/ssg29/results/SLX-ILM-Plasma2021.Homo_sapiens.v1/Salmon/POPS-2022.GRCh38.88/GS-B-76-DX/quant.sf,GS-B-76-DX
/home/ssg29/results/SLX-ILM-Plasma2021.Homo_sapiens.v1/Salmon/POPS-2022.GRCh38.88/GS-B-77-DY/quant.sf,GS-B-77-DY
/home/ssg29/results/SLX-ILM-Plasma2021.Homo_sapiens.v1/Salmon/POPS-2022.GRCh38.88/GS-B-78-DZ/quant.sf,GS-B-78-DZ
/home/ssg29/results/SLX-ILM-Plasma2021.Homo_sapiens.v1/Salmon/POPS-2022.GRCh38.88/GS-B-79-EA/quant.sf,GS-B-79-EA
/home/ssg29/results/SLX-ILM-Plasma2021.Homo_sapiens.v1/Salmon/POPS-2022.GRCh38.88/GS-B-7-AG/quant.sf,GS-B-7-AG
/home/ssg29/results/SLX-ILM-Plasma2021.Homo_sapiens.v1/Salmon/POPS-2022.GRCh38.88/GS-B-80-EB/quant.sf,GS-B-80-EB
/home/ssg29/results/SLX-ILM-Plasma2021.Homo_sapiens.v1/Salmon/POPS-2022.GRCh38.88/GS-B-81-EC/quant.sf,GS-B-81-EC
/home/ssg29/results/SLX-ILM-Plasma2021.Homo_sapiens.v1/Salmon/POPS-2022.GRCh38.88/GS-B-82-ED/quant.sf,GS-B-82-ED
/home/ssg29/results/SLX-ILM-Plasma2021.Homo_sapiens.v1/Salmon/POPS-2022.GRCh38.88/GS-B-83-EE/quant.sf,GS-B-83-EE
/home/ssg29/results/SLX-ILM-Plasma2021.Homo_sapiens.v1/Salmon/POPS-2022.GRCh38.88/GS-B-84-EF/quant.sf,GS-B-84-EF
/home/ssg29/results/SLX-ILM-Plasma2021.Homo_sapiens.v1/Salmon/POPS-2022.GRCh38.88/GS-B-85-EG/quant.sf,GS-B-85-EG
/home/ssg29/results/SLX-ILM-Plasma2021.Homo_sapiens.v1/Salmon/POPS-2022.GRCh38.88/GS-B-86-EH/quant.sf,GS-B-86-EH
/home/ssg29/results/SLX-ILM-Plasma2021.Homo_sapiens.v1/Salmon/POPS-2022.GRCh38.88/GS-B-87-EJ/quant.sf,GS-B-87-EJ
/home/ssg29/results/SLX-ILM-Plasma2021.Homo_sapiens.v1/Salmon/POPS-2022.GRCh38.88/GS-B-88-EK/quant.sf,GS-B-88-EK
/home/ssg29/results/SLX-ILM-Plasma2021.Homo_sapiens.v1/Salmon/POPS-2022.GRCh38.88/GS-B-89-EM/quant.sf,GS-B-89-EM
/home/ssg29/results/SLX-ILM-Plasma2021.Homo_sapiens.v1/Salmon/POPS-2022.GRCh38.88/GS-B-8-AH/quant.sf,GS-B-8-AH
/home/ssg29/results/SLX-ILM-Plasma2021.Homo_sapiens.v1/Salmon/POPS-2022.GRCh38.88/GS-B-90-EP/quant.sf,GS-B-90-EP
/home/ssg29/results/SLX-ILM-Plasma2021.Homo_sapiens.v1/Salmon/POPS-2022.GRCh38.88/GS-B-91-EQ/quant.sf,GS-B-91-EQ
/home/ssg29/results/SLX-ILM-Plasma2021.Homo_sapiens.v1/Salmon/POPS-2022.GRCh38.88/GS-B-92-ES/quant.sf,GS-B-92-ES
/home/ssg29/results/SLX-ILM-Plasma2021.Homo_sapiens.v1/Salmon/POPS-2022.GRCh38.88/GS-B-93-ET/quant.sf,GS-B-93-ET
/home/ssg29/results/SLX-ILM-Plasma2021.Homo_sapiens.v1/Salmon/POPS-2022.GRCh38.88/GS-B-94-EV/quant.sf,GS-B-94-EV
/home/ssg29/results/SLX-ILM-Plasma2021.Homo_sapiens.v1/Salmon/POPS-2022.GRCh38.88/GS-B-95-EW/quant.sf,GS-B-95-EW
/home/ssg29/results/SLX-ILM-Plasma2021.Homo_sapiens.v1/Salmon/POPS-2022.GRCh38.88/GS-B-96-EX/quant.sf,GS-B-96-EX
/home/ssg29/results/SLX-ILM-Plasma2021.Homo_sapiens.v1/Salmon/POPS-2022.GRCh38.88/GS-B-97-EY/quant.sf,GS-B-97-EY
/home/ssg29/results/SLX-ILM-Plasma2021.Homo_sapiens.v1/Salmon/POPS-2022.GRCh38.88/GS-B-98-EZ/quant.sf,GS-B-98-EZ
/home/ssg29/results/SLX-ILM-Plasma2021.Homo_sapiens.v1/Salmon/POPS-2022.GRCh38.88/GS-B-99-FA/quant.sf,GS-B-99-FA
/home/ssg29/results/SLX-ILM-Plasma2021.Homo_sapiens.v1/Salmon/POPS-2022.GRCh38.88/GS-B-9-AJ/quant.sf,GS-B-9-AJ
